cell_id,row,col,elevation_m,slope_ratio,flow_distance_m,direction,downstream_cell,state,is_boundary,is_outlet
C00001,0,0,26.5,0.084853,14.14,SE,C00022,downstream,True,False
C00002,0,1,26.5,0.12,10.0,S,C00022,downstream,True,False
C00003,0,2,26.5,0.12,10.0,S,C00023,downstream,True,False
C00004,0,3,26.5,0.12,10.0,S,C00024,downstream,True,False
C00005,0,4,26.5,0.12,10.0,S,C00025,downstream,True,False
C00006,0,5,26.5,0.12,10.0,S,C00026,downstream,True,False
C00007,0,6,26.5,0.12,10.0,S,C00027,downstream,True,False
C00008,0,7,26.5,0.12,10.0,S,C00028,downstream,True,False
C00009,0,8,26.0,0.084853,14.14,SE,C00030,downstream,True,False
C00010,0,9,25.5,0.084853,14.14,SE,C00031,downstream,True,False
C00011,0,10,25.0,0.084853,14.14,SE,C00032,downstream,True,False
C00012,0,11,24.5,0.084853,14.14,SE,C00033,downstream,True,False
C00013,0,12,24.0,0.084853,14.14,SE,C00034,downstream,True,False
C00014,0,13,23.5,0.084853,14.14,SE,C00035,downstream,True,False
C00015,0,14,23.0,0.084853,14.14,SE,C00036,downstream,True,False
C00016,0,15,22.5,0.084853,14.14,SE,C00037,downstream,True,False
C00017,0,16,22.0,0.084853,14.14,SE,C00038,downstream,True,False
C00018,0,17,21.5,0.084853,14.14,SE,C00039,downstream,True,False
C00021,1,0,26.3,0.1,10.0,E,C00022,downstream,True,False
C00022,1,1,25.3,0.084853,14.14,SE,C00043,downstream,False,False
C00023,1,2,25.3,0.12,10.0,S,C00043,downstream,False,False
C00024,1,3,25.3,0.12,10.0,S,C00044,downstream,False,False
C00025,1,4,25.3,0.12,10.0,S,C00045,downstream,False,False
C00026,1,5,25.3,0.12,10.0,S,C00046,downstream,False,False
C00027,1,6,25.3,0.12,10.0,S,C00047,downstream,False,False
C00028,1,7,25.3,0.12,10.0,S,C00048,downstream,False,False
C00029,1,8,25.3,0.12,10.0,S,C00049,downstream,False,False
C00030,1,9,24.8,0.084853,14.14,SE,C00051,downstream,False,False
C00031,1,10,24.3,0.084853,14.14,SE,C00052,downstream,False,False
C00032,1,11,23.8,0.084853,14.14,SE,C00053,downstream,False,False
C00033,1,12,23.3,0.084853,14.14,SE,C00054,downstream,False,False
C00034,1,13,22.8,0.084853,14.14,SE,C00055,downstream,False,False
C00035,1,14,22.3,0.084853,14.14,SE,C00056,downstream,False,False
C00036,1,15,21.8,0.084853,14.14,SE,C00057,downstream,False,False
C00037,1,16,21.3,0.084853,14.14,SE,C00058,downstream,False,False
C00038,1,17,20.8,0.084853,14.14,SE,C00059,downstream,True,False
C00039,1,18,20.3,0.084853,14.14,SE,C00060,downstream,True,False
C00040,1,19,19.8,0.07,10.0,S,C00060,downstream,True,False
C00041,2,0,26.1,0.1,10.0,E,C00042,downstream,True,False
C00042,2,1,25.1,0.1,10.0,E,C00043,downstream,False,False
C00043,2,2,24.1,0.084853,14.14,SE,C00064,downstream,False,False
C00044,2,3,24.1,0.12,10.0,S,C00064,downstream,False,False
C00045,2,4,24.1,0.12,10.0,S,C00065,downstream,False,False
C00046,2,5,24.1,0.12,10.0,S,C00066,downstream,False,False
C00047,2,6,24.1,0.12,10.0,S,C00067,downstream,False,False
C00048,2,7,24.1,0.12,10.0,S,C00068,downstream,False,False
C00049,2,8,24.1,0.12,10.0,S,C00069,downstream,False,False
C00050,2,9,24.1,0.12,10.0,S,C00070,downstream,False,False
C00051,2,10,23.6,0.084853,14.14,SE,C00072,downstream,False,False
C00052,2,11,23.1,0.084853,14.14,SE,C00073,downstream,False,False
C00053,2,12,22.6,0.084853,14.14,SE,C00074,downstream,False,False
C00054,2,13,22.1,0.084853,14.14,SE,C00075,downstream,False,False
C00055,2,14,21.6,0.084853,14.14,SE,C00076,downstream,False,False
C00056,2,15,21.1,0.084853,14.14,SE,C00077,downstream,False,False
C00057,2,16,20.6,0.084853,14.14,SE,C00078,downstream,False,False
C00058,2,17,20.1,0.084853,14.14,SE,C00079,downstream,False,False
C00059,2,18,19.6,0.084853,14.14,SE,C00080,downstream,False,False
C00060,2,19,19.1,0.07,10.0,S,C00080,downstream,True,False
C00061,3,0,25.9,0.1,10.0,E,C00062,downstream,True,False
C00062,3,1,24.9,0.1,10.0,E,C00063,downstream,False,False
C00063,3,2,23.9,0.1,10.0,E,C00064,downstream,False,False
C00064,3,3,22.9,0.084853,14.14,SE,C00085,downstream,False,False
C00065,3,4,22.9,0.12,10.0,S,C00085,downstream,False,False
C00066,3,5,22.9,0.12,10.0,S,C00086,downstream,False,False
C00067,3,6,22.9,0.12,10.0,S,C00087,downstream,False,False
C00068,3,7,22.9,0.12,10.0,S,C00088,downstream,False,False
C00069,3,8,22.9,0.12,10.0,S,C00089,downstream,False,False
C00070,3,9,22.9,0.12,10.0,S,C00090,downstream,False,False
C00071,3,10,22.9,0.12,10.0,S,C00091,downstream,False,False
C00072,3,11,22.4,0.084853,14.14,SE,C00093,downstream,False,False
C00073,3,12,21.9,0.084853,14.14,SE,C00094,downstream,False,False
C00074,3,13,21.4,0.084853,14.14,SE,C00095,downstream,False,False
C00075,3,14,20.9,0.084853,14.14,SE,C00096,downstream,False,False
C00076,3,15,20.4,0.084853,14.14,SE,C00097,downstream,False,False
C00077,3,16,19.9,0.084853,14.14,SE,C00098,downstream,False,False
C00078,3,17,19.4,0.084853,14.14,SE,C00099,downstream,False,False
C00079,3,18,18.9,0.084853,14.14,SE,C00100,downstream,False,False
C00080,3,19,18.4,0.07,10.0,S,C00100,downstream,True,False
C00081,4,0,25.7,0.1,10.0,E,C00082,downstream,True,False
C00082,4,1,24.7,0.1,10.0,E,C00083,downstream,False,False
C00083,4,2,23.7,0.1,10.0,E,C00084,downstream,False,False
C00084,4,3,22.7,0.1,10.0,E,C00085,downstream,False,False
C00085,4,4,21.7,0.084853,14.14,SE,C00106,downstream,False,False
C00086,4,5,21.7,0.12,10.0,S,C00106,downstream,False,False
C00087,4,6,21.7,0.12,10.0,S,C00107,downstream,False,False
C00088,4,7,21.7,0.12,10.0,S,C00108,downstream,False,False
C00089,4,8,21.7,0.12,10.0,S,C00109,downstream,False,False
C00090,4,9,21.7,0.12,10.0,S,C00110,downstream,False,False
C00091,4,10,21.7,0.12,10.0,S,C00111,downstream,False,False
C00092,4,11,21.7,0.12,10.0,S,C00112,downstream,False,False
C00093,4,12,21.2,0.084853,14.14,SE,C00114,downstream,False,False
C00094,4,13,20.7,0.084853,14.14,SE,C00115,downstream,False,False
C00095,4,14,20.2,0.084853,14.14,SE,C00116,downstream,False,False
C00096,4,15,19.7,0.084853,14.14,SE,C00117,downstream,False,False
C00097,4,16,19.2,0.084853,14.14,SE,C00118,downstream,False,False
C00098,4,17,18.7,0.084853,14.14,SE,C00119,downstream,False,False
C00099,4,18,18.2,0.084853,14.14,SE,C00120,downstream,False,False
C00100,4,19,17.7,0.07,10.0,S,C00120,downstream,True,False
C00101,5,0,25.5,0.1,10.0,E,C00102,downstream,True,False
C00102,5,1,24.5,0.1,10.0,E,C00103,downstream,False,False
C00103,5,2,23.5,0.1,10.0,E,C00104,downstream,False,False
C00104,5,3,22.5,0.1,10.0,E,C00105,downstream,False,False
C00105,5,4,21.5,0.1,10.0,E,C00106,downstream,False,False
C00106,5,5,20.5,0.084853,14.14,SE,C00127,downstream,False,False
C00107,5,6,20.5,0.12,10.0,S,C00127,downstream,False,False
C00108,5,7,20.5,0.12,10.0,S,C00128,downstream,False,False
C00109,5,8,20.5,0.12,10.0,S,C00129,downstream,False,False
C00110,5,9,20.5,0.12,10.0,S,C00130,downstream,False,False
C00111,5,10,20.5,0.12,10.0,S,C00131,downstream,False,False
C00112,5,11,20.5,0.12,10.0,S,C00132,downstream,False,False
C00113,5,12,20.5,0.12,10.0,S,C00133,downstream,False,False
C00114,5,13,20.0,0.084853,14.14,SE,C00135,downstream,False,False
C00115,5,14,19.5,0.084853,14.14,SE,C00136,downstream,False,False
C00116,5,15,19.0,0.084853,14.14,SE,C00137,downstream,False,False
C00117,5,16,18.5,0.084853,14.14,SE,C00138,downstream,False,False
C00118,5,17,18.0,0.084853,14.14,SE,C00139,downstream,False,False
C00119,5,18,17.5,0.084853,14.14,SE,C00140,downstream,False,False
C00120,5,19,17.0,0.07,10.0,S,C00140,downstream,True,False
C00121,6,0,25.3,0.1,10.0,E,C00122,downstream,True,False
C00122,6,1,24.3,0.1,10.0,E,C00123,downstream,False,False
C00123,6,2,23.3,0.1,10.0,E,C00124,downstream,False,False
C00124,6,3,22.3,0.1,10.0,E,C00125,downstream,False,False
C00125,6,4,21.3,0.1,10.0,E,C00126,downstream,False,False
C00126,6,5,20.3,0.1,10.0,E,C00127,downstream,False,False
C00127,6,6,19.3,0.084853,14.14,SE,C00148,downstream,False,False
C00128,6,7,19.3,0.12,10.0,S,C00148,downstream,False,False
C00129,6,8,19.3,0.12,10.0,S,C00149,downstream,False,False
C00130,6,9,19.3,0.12,10.0,S,C00150,downstream,False,False
C00131,6,10,19.3,0.12,10.0,S,C00151,downstream,False,False
C00132,6,11,19.3,0.12,10.0,S,C00152,downstream,False,False
C00133,6,12,19.3,0.12,10.0,S,C00153,downstream,False,False
C00134,6,13,19.3,0.12,10.0,S,C00154,downstream,False,False
C00135,6,14,18.8,0.084853,14.14,SE,C00156,downstream,False,False
C00136,6,15,18.3,0.084853,14.14,SE,C00157,downstream,False,False
C00137,6,16,17.8,0.084853,14.14,SE,C00158,downstream,False,False
C00138,6,17,17.3,0.084853,14.14,SE,C00159,downstream,False,False
C00139,6,18,16.8,0.084853,14.14,SE,C00160,downstream,False,False
C00140,6,19,16.3,0.07,10.0,S,C00160,downstream,True,False
C00141,7,0,25.1,0.1,10.0,E,C00142,downstream,True,False
C00142,7,1,24.1,0.1,10.0,E,C00143,downstream,False,False
C00143,7,2,23.1,0.1,10.0,E,C00144,downstream,False,False
C00144,7,3,22.1,0.1,10.0,E,C00145,downstream,False,False
C00145,7,4,21.1,0.1,10.0,E,C00146,downstream,False,False
C00146,7,5,20.1,0.1,10.0,E,C00147,downstream,False,False
C00147,7,6,19.1,0.1,10.0,E,C00148,downstream,False,False
C00148,7,7,18.1,0.084853,14.14,SE,C00169,downstream,False,False
C00149,7,8,18.1,0.12,10.0,S,C00169,downstream,False,False
C00150,7,9,18.1,0.12,10.0,S,C00170,downstream,False,False
C00151,7,10,18.1,0.12,10.0,S,C00171,downstream,False,False
C00152,7,11,18.1,0.12,10.0,S,C00172,downstream,False,False
C00153,7,12,18.1,0.12,10.0,S,C00173,downstream,False,False
C00154,7,13,18.1,0.12,10.0,S,C00174,downstream,False,False
C00155,7,14,18.1,0.12,10.0,S,C00175,downstream,False,False
C00156,7,15,17.6,0.084853,14.14,SE,C00177,downstream,False,False
C00157,7,16,17.1,0.084853,14.14,SE,C00178,downstream,False,False
C00158,7,17,16.6,0.084853,14.14,SE,C00179,downstream,False,False
C00159,7,18,16.1,0.084853,14.14,SE,C00180,downstream,False,False
C00160,7,19,15.6,0.07,10.0,S,C00180,downstream,True,False
C00161,8,0,24.4,0.084853,14.14,SE,C00182,downstream,True,False
C00162,8,1,23.9,0.1,10.0,E,C00163,downstream,False,False
C00163,8,2,22.9,0.1,10.0,E,C00164,downstream,False,False
C00164,8,3,21.9,0.1,10.0,E,C00165,downstream,False,False
C00165,8,4,20.9,0.1,10.0,E,C00166,downstream,False,False
C00166,8,5,19.9,0.1,10.0,E,C00167,downstream,False,False
C00167,8,6,18.9,0.1,10.0,E,C00168,downstream,False,False
C00168,8,7,17.9,0.1,10.0,E,C00169,downstream,False,False
C00169,8,8,16.9,0.084853,14.14,SE,C00190,downstream,False,False
C00170,8,9,16.9,0.12,10.0,S,C00190,downstream,False,False
C00171,8,10,16.9,0.12,10.0,S,C00191,downstream,False,False
C00172,8,11,16.9,0.12,10.0,S,C00192,downstream,False,False
C00173,8,12,16.9,0.12,10.0,S,C00193,downstream,False,False
C00174,8,13,16.9,0.12,10.0,S,C00194,downstream,False,False
C00175,8,14,16.9,0.12,10.0,S,C00195,downstream,False,False
C00176,8,15,16.9,0.12,10.0,S,C00196,downstream,False,False
C00177,8,16,16.4,0.084853,14.14,SE,C00198,downstream,False,False
C00178,8,17,15.9,0.084853,14.14,SE,C00199,downstream,False,False
C00179,8,18,15.4,0.084853,14.14,SE,C00200,downstream,False,False
C00180,8,19,14.9,0.07,10.0,S,C00200,downstream,True,False
C00181,9,0,23.7,0.084853,14.14,SE,C00202,downstream,True,False
C00182,9,1,23.2,0.084853,14.14,SE,C00203,downstream,False,False
C00183,9,2,22.7,0.1,10.0,E,C00184,downstream,False,False
C00184,9,3,21.7,0.1,10.0,E,C00185,downstream,False,False
C00185,9,4,20.7,0.1,10.0,E,C00186,downstream,False,False
C00186,9,5,19.7,0.1,10.0,E,C00187,downstream,False,False
C00187,9,6,18.7,0.1,10.0,E,C00188,downstream,False,False
C00188,9,7,17.7,0.1,10.0,E,C00189,downstream,False,False
C00189,9,8,16.7,0.1,10.0,E,C00190,downstream,False,False
C00190,9,9,15.7,0.084853,14.14,SE,C00211,downstream,False,False
C00191,9,10,15.7,0.12,10.0,S,C00211,downstream,False,False
C00192,9,11,15.7,0.12,10.0,S,C00212,downstream,False,False
C00193,9,12,15.7,0.12,10.0,S,C00213,downstream,False,False
C00194,9,13,15.7,0.12,10.0,S,C00214,downstream,False,False
C00195,9,14,15.7,0.12,10.0,S,C00215,downstream,False,False
C00196,9,15,15.7,0.12,10.0,S,C00216,downstream,False,False
C00197,9,16,15.7,0.12,10.0,S,C00217,downstream,False,False
C00198,9,17,15.2,0.084853,14.14,SE,C00219,downstream,False,False
C00199,9,18,14.7,0.084853,14.14,SE,C00220,downstream,False,False
C00200,9,19,14.2,0.07,10.0,S,C00220,downstream,True,False
C00201,10,0,23.0,0.084853,14.14,SE,C00222,downstream,True,False
C00202,10,1,22.5,0.084853,14.14,SE,C00223,downstream,False,False
C00203,10,2,22.0,0.084853,14.14,SE,C00224,downstream,False,False
C00204,10,3,21.5,0.1,10.0,E,C00205,downstream,False,False
C00205,10,4,20.5,0.1,10.0,E,C00206,downstream,False,False
C00206,10,5,19.5,0.1,10.0,E,C00207,downstream,False,False
C00207,10,6,18.5,0.1,10.0,E,C00208,downstream,False,False
C00208,10,7,17.5,0.1,10.0,E,C00209,downstream,False,False
C00209,10,8,16.5,0.1,10.0,E,C00210,downstream,False,False
C00210,10,9,15.5,0.1,10.0,E,C00211,downstream,False,False
C00211,10,10,14.5,0.084853,14.14,SE,C00232,downstream,False,False
C00212,10,11,14.5,0.12,10.0,S,C00232,downstream,False,False
C00213,10,12,14.5,0.12,10.0,S,C00233,downstream,False,False
C00214,10,13,14.5,0.12,10.0,S,C00234,downstream,False,False
C00215,10,14,14.5,0.12,10.0,S,C00235,downstream,False,False
C00216,10,15,14.5,0.12,10.0,S,C00236,downstream,False,False
C00217,10,16,14.5,0.12,10.0,S,C00237,downstream,False,False
C00218,10,17,14.5,0.12,10.0,S,C00238,downstream,False,False
C00219,10,18,14.0,0.084853,14.14,SE,C00240,downstream,False,False
C00220,10,19,13.5,0.07,10.0,S,C00240,downstream,True,False
C00221,11,0,22.3,0.084853,14.14,SE,C00242,downstream,True,False
C00222,11,1,21.8,0.084853,14.14,SE,C00243,downstream,False,False
C00223,11,2,21.3,0.084853,14.14,SE,C00244,downstream,False,False
C00224,11,3,20.8,0.084853,14.14,SE,C00245,downstream,False,False
C00225,11,4,20.3,0.1,10.0,E,C00226,downstream,False,False
C00226,11,5,19.3,0.1,10.0,E,C00227,downstream,False,False
C00227,11,6,18.3,0.1,10.0,E,C00228,downstream,False,False
C00228,11,7,17.3,0.1,10.0,E,C00229,downstream,False,False
C00229,11,8,16.3,0.1,10.0,E,C00230,downstream,False,False
C00230,11,9,15.3,0.1,10.0,E,C00231,downstream,False,False
C00231,11,10,14.3,0.1,10.0,E,C00232,downstream,False,False
C00232,11,11,13.3,0.084853,14.14,SE,C00253,downstream,False,False
C00233,11,12,13.3,0.12,10.0,S,C00253,downstream,False,False
C00234,11,13,13.3,0.12,10.0,S,C00254,downstream,False,False
C00235,11,14,13.3,0.12,10.0,S,C00255,downstream,False,False
C00236,11,15,13.3,0.12,10.0,S,C00256,downstream,False,False
C00237,11,16,13.3,0.12,10.0,S,C00257,downstream,False,False
C00238,11,17,13.3,0.12,10.0,S,C00258,downstream,False,False
C00239,11,18,13.3,0.12,10.0,S,C00259,downstream,False,False
C00240,11,19,12.8,0.07,10.0,S,C00260,downstream,True,False
C00241,12,0,21.6,0.084853,14.14,SE,C00262,downstream,True,False
C00242,12,1,21.1,0.084853,14.14,SE,C00263,downstream,False,False
C00243,12,2,20.6,0.084853,14.14,SE,C00264,downstream,False,False
C00244,12,3,20.1,0.084853,14.14,SE,C00265,downstream,False,False
C00245,12,4,19.6,0.084853,14.14,SE,C00266,downstream,False,False
C00246,12,5,19.1,0.1,10.0,E,C00247,downstream,False,False
C00247,12,6,18.1,0.1,10.0,E,C00248,downstream,False,False
C00248,12,7,17.1,0.1,10.0,E,C00249,downstream,False,False
C00249,12,8,16.1,0.1,10.0,E,C00250,downstream,False,False
C00250,12,9,15.1,0.1,10.0,E,C00251,downstream,False,False
C00251,12,10,14.1,0.1,10.0,E,C00252,downstream,False,False
C00252,12,11,13.1,0.1,10.0,E,C00253,downstream,False,False
C00253,12,12,12.1,0.084853,14.14,SE,C00274,downstream,False,False
C00254,12,13,12.1,0.12,10.0,S,C00274,downstream,False,False
C00255,12,14,12.1,0.12,10.0,S,C00275,downstream,False,False
C00256,12,15,12.1,0.12,10.0,S,C00276,downstream,False,False
C00257,12,16,12.1,0.12,10.0,S,C00277,downstream,False,False
C00258,12,17,12.1,0.12,10.0,S,C00278,downstream,False,False
C00259,12,18,12.1,0.12,10.0,S,C00279,downstream,False,False
C00260,12,19,12.1,0.12,10.0,S,C00280,downstream,True,False
C00261,13,0,20.9,0.084853,14.14,SE,C00282,downstream,True,False
C00262,13,1,20.4,0.084853,14.14,SE,C00283,downstream,False,False
C00263,13,2,19.9,0.084853,14.14,SE,C00284,downstream,False,False
C00264,13,3,19.4,0.084853,14.14,SE,C00285,downstream,False,False
C00265,13,4,18.9,0.084853,14.14,SE,C00286,downstream,False,False
C00266,13,5,18.4,0.084853,14.14,SE,C00287,downstream,False,False
C00267,13,6,17.9,0.1,10.0,E,C00268,downstream,False,False
C00268,13,7,16.9,0.1,10.0,E,C00269,downstream,False,False
C00269,13,8,15.9,0.1,10.0,E,C00270,downstream,False,False
C00270,13,9,14.9,0.1,10.0,E,C00271,downstream,False,False
C00271,13,10,13.9,0.1,10.0,E,C00272,downstream,False,False
C00272,13,11,12.9,0.1,10.0,E,C00273,downstream,False,False
C00273,13,12,11.9,0.1,10.0,E,C00274,downstream,False,False
C00274,13,13,10.9,0.06364,14.14,SE,C00295,downstream,False,False
C00275,13,14,10.9,0.09,10.0,S,C00295,downstream,False,False
C00276,13,15,10.9,0.09,10.0,S,C00296,downstream,False,False
C00277,13,16,10.9,0.09,10.0,S,C00297,downstream,False,False
C00278,13,17,10.9,0.09,10.0,S,C00298,downstream,False,False
C00279,13,18,10.9,0.09,10.0,S,C00299,downstream,False,False
C00280,13,19,10.9,0.09,10.0,S,C00300,downstream,True,False
C00281,14,0,20.2,0.084853,14.14,SE,C00302,downstream,True,False
C00282,14,1,19.7,0.084853,14.14,SE,C00303,downstream,False,False
C00283,14,2,19.2,0.084853,14.14,SE,C00304,downstream,False,False
C00284,14,3,18.7,0.084853,14.14,SE,C00305,downstream,False,False
C00285,14,4,18.2,0.084853,14.14,SE,C00306,downstream,False,False
C00286,14,5,17.7,0.084853,14.14,SE,C00307,downstream,False,False
C00287,14,6,17.2,0.084853,14.14,SE,C00308,downstream,False,False
C00288,14,7,16.7,0.1,10.0,E,C00289,downstream,False,False
C00289,14,8,15.7,0.1,10.0,E,C00290,downstream,False,False
C00290,14,9,14.7,0.1,10.0,E,C00291,downstream,False,False
C00291,14,10,13.7,0.1,10.0,E,C00292,downstream,False,False
C00292,14,11,12.7,0.1,10.0,E,C00293,downstream,False,False
C00293,14,12,11.7,0.1,10.0,E,C00294,downstream,False,False
C00294,14,13,10.7,0.07,10.0,E,C00295,downstream,False,False
C00295,14,14,10.0,0.0,0.0,,,flat_sink,False,False
C00296,14,15,10.0,0.0,0.0,,,flat_sink,False,False
C00297,14,16,10.0,0.0,0.0,,,flat_sink,False,False
C00298,14,17,10.0,0.0,0.0,,,flat_sink,False,False
C00299,14,18,10.0,0.0,0.0,,,flat_sink,False,False
C00300,14,19,10.0,0.0,0.0,,,boundary_exit,True,False
C00301,15,0,19.5,0.084853,14.14,SE,C00322,downstream,True,False
C00302,15,1,19.0,0.084853,14.14,SE,C00323,downstream,False,False
C00303,15,2,18.5,0.084853,14.14,SE,C00324,downstream,False,False
C00304,15,3,18.0,0.084853,14.14,SE,C00325,downstream,False,False
C00305,15,4,17.5,0.084853,14.14,SE,C00326,downstream,False,False
C00306,15,5,17.0,0.084853,14.14,SE,C00327,downstream,False,False
C00307,15,6,16.5,0.084853,14.14,SE,C00328,downstream,False,False
C00308,15,7,16.0,0.084853,14.14,SE,C00329,downstream,False,False
C00309,15,8,15.5,0.1,10.0,E,C00310,downstream,False,False
C00310,15,9,14.5,0.1,10.0,E,C00311,downstream,False,False
C00311,15,10,13.5,0.1,10.0,E,C00312,downstream,False,False
C00312,15,11,12.5,0.1,10.0,E,C00313,downstream,False,False
C00313,15,12,11.5,0.1,10.0,E,C00314,downstream,False,False
C00314,15,13,10.5,0.05,10.0,E,C00315,downstream,False,False
C00315,15,14,10.0,0.0,0.0,,,flat_sink,False,False
C00316,15,15,10.0,0.0,0.0,,,flat_sink,False,False
C00317,15,16,10.0,0.0,0.0,,,flat_sink,False,False
C00318,15,17,10.0,0.0,0.0,,,flat_sink,False,False
C00319,15,18,10.0,0.0,0.0,,,flat_sink,False,False
C00320,15,19,10.0,0.0,0.0,,,boundary_exit,True,False
C00321,16,0,18.8,0.084853,14.14,SE,C00342,downstream,True,False
C00322,16,1,18.3,0.084853,14.14,SE,C00343,downstream,False,False
C00323,16,2,17.8,0.084853,14.14,SE,C00344,downstream,False,False
C00324,16,3,17.3,0.084853,14.14,SE,C00345,downstream,False,False
C00325,16,4,16.8,0.084853,14.14,SE,C00346,downstream,False,False
C00326,16,5,16.3,0.084853,14.14,SE,C00347,downstream,False,False
C00327,16,6,15.8,0.084853,14.14,SE,C00348,downstream,False,False
C00328,16,7,15.3,0.084853,14.14,SE,C00349,downstream,False,False
C00329,16,8,14.8,0.084853,14.14,SE,C00350,downstream,False,False
C00330,16,9,14.3,0.1,10.0,E,C00331,downstream,False,False
C00331,16,10,13.3,0.1,10.0,E,C00332,downstream,False,False
C00332,16,11,12.3,0.1,10.0,E,C00333,downstream,False,False
C00333,16,12,11.3,0.1,10.0,E,C00334,downstream,False,False
C00334,16,13,10.3,0.03,10.0,E,C00335,downstream,False,False
C00335,16,14,10.0,0.0,0.0,,,flat_sink,False,False
C00336,16,15,10.0,0.0,0.0,,,flat_sink,False,False
C00337,16,16,10.0,0.0,0.0,,,flat_sink,False,False
C00338,16,17,10.0,0.0,0.0,,,flat_sink,False,False
C00339,16,18,10.0,0.0,0.0,,,flat_sink,False,False
C00340,16,19,10.0,0.0,0.0,,,boundary_exit,True,False
C00341,17,0,18.1,0.084853,14.14,SE,C00362,downstream,True,False
C00342,17,1,17.6,0.084853,14.14,SE,C00363,downstream,False,False
C00343,17,2,17.1,0.084853,14.14,SE,C00364,downstream,False,False
C00344,17,3,16.6,0.084853,14.14,SE,C00365,downstream,False,False
C00345,17,4,16.1,0.084853,14.14,SE,C00366,downstream,False,False
C00346,17,5,15.6,0.084853,14.14,SE,C00367,downstream,False,False
C00347,17,6,15.1,0.084853,14.14,SE,C00368,downstream,False,False
C00348,17,7,14.6,0.084853,14.14,SE,C00369,downstream,False,False
C00349,17,8,14.1,0.084853,14.14,SE,C00370,downstream,False,False
C00350,17,9,13.6,0.084853,14.14,SE,C00371,downstream,False,False
C00351,17,10,13.1,0.1,10.0,E,C00352,downstream,False,False
C00352,17,11,12.1,0.1,10.0,E,C00353,downstream,False,False
C00353,17,12,11.1,0.1,10.0,E,C00354,downstream,False,False
C00354,17,13,10.1,0.01,10.0,E,C00355,downstream,False,False
C00355,17,14,10.0,0.0,0.0,,,flat_sink,False,False
C00356,17,15,10.0,0.0,0.0,,,flat_sink,False,False
C00357,17,16,10.0,0.0,0.0,,,flat_sink,False,False
C00358,17,17,10.0,0.0,0.0,,,flat_sink,False,False
C00359,17,18,10.0,0.0,0.0,,,flat_sink,False,False
C00360,17,19,10.0,0.0,0.0,,,boundary_exit,True,False
C00361,18,0,17.4,0.084853,14.14,SE,C00382,downstream,True,False
C00362,18,1,16.9,0.084853,14.14,SE,C00383,downstream,False,False
C00363,18,2,16.4,0.084853,14.14,SE,C00384,downstream,False,False
C00364,18,3,15.9,0.084853,14.14,SE,C00385,downstream,False,False
C00365,18,4,15.4,0.084853,14.14,SE,C00386,downstream,False,False
C00366,18,5,14.9,0.084853,14.14,SE,C00387,downstream,False,False
C00367,18,6,14.4,0.084853,14.14,SE,C00388,downstream,False,False
C00368,18,7,13.9,0.084853,14.14,SE,C00389,downstream,False,False
C00369,18,8,13.4,0.084853,14.14,SE,C00390,downstream,False,False
C00370,18,9,12.9,0.084853,14.14,SE,C00391,downstream,False,False
C00371,18,10,12.4,0.084853,14.14,SE,C00392,downstream,False,False
C00372,18,11,11.9,0.1,10.0,E,C00373,downstream,False,False
C00373,18,12,10.9,0.09,10.0,E,C00374,downstream,False,False
C00374,18,13,10.0,0.0,0.0,,,flat_sink,False,False
C00375,18,14,10.0,0.0,0.0,,,flat_sink,False,False
C00376,18,15,10.0,0.0,0.0,,,flat_sink,False,False
C00377,18,16,10.0,0.0,0.0,,,flat_sink,False,False
C00378,18,17,10.0,0.0,0.0,,,flat_sink,False,False
C00379,18,18,10.0,0.0,0.0,,,flat_sink,False,False
C00380,18,19,10.0,0.0,0.0,,,boundary_exit,True,False
C00381,19,0,16.7,0.05,10.0,E,C00382,downstream,True,False
C00382,19,1,16.2,0.05,10.0,E,C00383,downstream,True,False
C00383,19,2,15.7,0.05,10.0,E,C00384,downstream,True,False
C00384,19,3,15.2,0.05,10.0,E,C00385,downstream,True,False
C00385,19,4,14.7,0.05,10.0,E,C00386,downstream,True,False
C00386,19,5,14.2,0.05,10.0,E,C00387,downstream,True,False
C00387,19,6,13.7,0.05,10.0,E,C00388,downstream,True,False
C00388,19,7,13.2,0.05,10.0,E,C00389,downstream,True,False
C00389,19,8,12.7,0.05,10.0,E,C00390,downstream,True,False
C00390,19,9,12.2,0.05,10.0,E,C00391,downstream,True,False
C00391,19,10,11.7,0.05,10.0,E,C00392,downstream,True,False
C00392,19,11,11.2,0.05,10.0,E,C00393,downstream,True,False
C00393,19,12,10.7,0.07,10.0,E,C00394,downstream,True,False
C00394,19,13,10.0,0.0,0.0,,,boundary_exit,True,False
C00395,19,14,10.0,0.0,0.0,,,boundary_exit,True,False
C00396,19,15,10.0,0.0,0.0,,,boundary_exit,True,False
C00397,19,16,10.0,0.0,0.0,,,boundary_exit,True,False
C00398,19,17,10.0,0.0,0.0,,,boundary_exit,True,False
C00399,19,18,10.0,0.0,0.0,,,boundary_exit,True,False
C00400,19,19,10.0,0.0,0.0,,,outlet,True,True
