rainfall_intensity_mm_per_hr,duration_hr,timestep_min,drainage_degradation_factor,scenario_id,max_water_depth_at_sensor_mm
67.55,1.1,15,0.32,0,34.75125200160876
13.47,4.5,10,0.96,1,0.0
46.77,3.7,5,0.26,2,45.18193945283884
34.47,3.4,5,0.37,3,4.440892098500626e-16
89.94,3.0,10,0.67,4,109.85789662086802
41.67,3.2,20,0.61,5,0.0
59.33,1.7,15,0.81,6,0.0
16.02,3.1,5,0.39,7,0.0
54.78,2.3,10,0.72,8,0.0
31.92,3.5,10,0.32,9,5.048088865369908
98.05,1.3,20,0.87,10,0.0
65.54,5.5,20,0.55,11,117.14099448395616
92.23,1.7,15,0.53,12,64.55919818803072
18.13,5.8,10,1.0,13,4.440892098500626e-16
96.93,3.8,20,0.69,14,156.72871874936038
13.83,3.9,5,0.3,15,0.0
62.27,2.0,10,0.14,16,118.41889130235046
30.18,5.7,20,0.12,17,123.49697528774468
37.7,3.9,15,0.31,18,36.13994834784083
54.5,3.8,15,0.36,19,97.08604294339754
93.52,1.9,10,0.9,20,19.419886323523333
50.06,2.5,15,0.54,21,0.6267930276316289
52.85,4.2,20,0.58,22,6.764861046371991
47.33,2.4,10,0.5,23,1.9692586732414932
16.37,3.2,10,0.81,24,4.440892098500626e-16
16.73,4.8,20,0.47,25,8.881784197001252e-16
76.75,5.7,5,0.65,26,50.612608792723535
71.58,1.5,10,0.16,27,103.95178926313392
91.88,2.5,20,0.51,28,117.06631571977579
39.14,4.1,5,0.34,29,10.63813899310059
16.61,4.0,10,0.41,30,4.440892098500626e-16
35.18,3.5,10,0.51,31,8.881784197001252e-16
87.38,3.6,5,0.39,32,126.73997550154668
50.58,3.2,5,0.76,33,8.881784197001252e-16
43.35,5.8,10,0.92,34,0.0
81.92,2.6,10,0.27,35,173.22806196225008
83.3,1.5,15,0.77,36,5.281590773029707
23.08,2.7,10,0.32,37,0.0
34.43,3.7,20,0.43,38,1.7763568394002505e-15
55.53,3.3,20,0.53,39,15.065623483960117
23.02,3.4,15,0.97,40,8.881784197001252e-16
54.65,5.3,5,0.22,41,76.3203369328847
75.84,5.6,5,0.54,42,70.23230248036509
27.96,4.1,5,0.39,43,0.0
81.24,1.2,15,0.77,44,3.552713678800501e-15
23.14,1.9,5,0.35,45,0.0
45.77,1.9,10,0.66,46,0.0
17.3,4.0,15,0.23,47,8.881784197001252e-16
28.33,1.5,15,0.67,48,0.0
17.52,1.9,10,0.46,49,4.440892098500626e-16
47.89,3.8,15,0.82,50,0.0
92.11,3.5,15,0.89,51,60.743342242904056
59.21,1.6,15,0.37,52,32.165412735289024
78.41,3.6,10,0.95,53,2.7478947071069406
43.35,5.5,20,0.93,54,0.0
27.51,5.0,15,0.93,55,8.881784197001252e-16
42.08,5.2,15,0.48,56,5.923447680790258
46.36,2.0,10,0.31,57,34.060181582520585
23.11,3.3,10,0.73,58,0.0
62.3,2.0,15,0.52,59,21.071500771410367
23.34,4.1,10,0.6,60,0.0
98.11,3.3,10,0.72,61,133.09471503350827
96.4,5.4,10,0.45,62,291.3992655612971
89.03,2.7,5,0.96,63,14.350522608608216
73.96,5.5,5,0.6,64,52.822214391133144
32.18,3.9,20,0.53,65,1.7763568394002505e-15
21.75,5.1,20,0.76,66,0.0
35.16,3.3,5,0.19,67,29.11634014993192
94.08,2.9,10,0.47,68,177.60403755698525
84.45,2.1,15,0.54,69,73.66400895402273
53.31,4.3,15,0.73,70,3.552713678800501e-15
12.75,5.3,15,0.12,71,0.7470593694668196
31.68,1.5,10,0.66,72,8.881784197001252e-16
90.63,2.0,5,0.58,73,74.22321652193943
83.92,4.0,15,0.11,74,367.9769479862803
31.61,1.8,20,0.86,75,0.0
73.99,1.9,5,0.73,76,11.245967443686716
93.37,1.9,20,0.2,77,153.06221125725565
56.34,1.9,20,0.18,78,74.94059635317295
17.86,3.9,20,0.66,79,8.881784197001252e-16
55.9,4.0,15,0.92,80,0.0
14.71,1.4,20,0.34,81,0.0
96.47,3.7,10,0.95,82,71.47081263425946
91.01,2.1,15,0.61,83,72.57386060237081
61.53,3.9,20,0.32,84,146.75356022658863
14.01,4.1,5,0.12,85,0.0
94.6,2.2,15,0.22,86,190.3061782424798
62.75,4.9,15,0.14,87,277.9507032783986
56.78,2.4,20,0.68,88,0.0
38.39,4.8,5,0.45,89,0.0
47.12,3.0,10,0.91,90,0.0
54.44,3.4,15,0.89,91,1.7763568394002505e-15
53.57,2.0,10,0.12,92,99.83149074620869
70.26,4.1,15,0.54,93,109.59985870044012
61.81,3.6,20,0.55,94,38.137215104955665
16.51,3.1,10,0.31,95,4.440892098500626e-16
27.41,3.3,15,0.29,96,0.22342663923719122
10.14,4.5,15,0.77,97,0.0
79.44,1.5,15,0.12,98,128.5578792846125
56.56,1.2,20,0.26,99,27.746281940820214
62.43,4.4,20,0.25,100,219.07209958643986
91.57,5.3,5,0.11,101,200.91975768653072
50.34,3.3,10,0.83,102,1.7763568394002505e-15
88.34,5.0,5,0.5,103,112.78702626806756
22.0,4.1,5,0.24,104,2.220446049250313e-16
64.47,1.7,20,0.5,105,15.296142524981871
46.32,4.2,5,0.87,106,0.0
16.4,2.3,10,0.22,107,4.440892098500626e-16
84.14,5.5,10,0.3,108,287.3413032844069
73.59,5.2,10,0.42,109,181.49676772037495
97.99,3.0,10,0.44,110,211.08817702567572
99.4,1.4,15,0.73,111,24.88637278921821
28.28,5.6,20,0.54,112,1.7763568394002505e-15
62.28,3.7,15,0.98,113,3.552713678800501e-15
53.9,5.4,10,0.79,114,1.7763568394002505e-15
65.05,2.1,5,0.13,115,98.23604410352782
71.58,6.0,5,0.15,116,137.37917196741836
45.51,4.4,10,0.57,117,1.7763568394002505e-15
21.03,2.7,10,0.93,118,4.440892098500626e-16
56.64,3.8,10,0.94,119,1.7763568394002505e-15
14.83,5.5,10,0.55,120,0.0
58.73,3.3,10,0.54,121,35.90870068175876
18.58,2.5,15,0.52,122,0.0
11.51,5.8,20,0.17,123,0.0
26.08,4.0,20,0.11,124,71.55473224566526
30.59,1.4,20,0.39,125,0.0
77.1,3.6,20,0.27,126,224.74522621791215
33.0,4.1,5,0.58,127,4.440892098500626e-16
80.87,5.5,15,0.38,128,304.9337875961474
80.34,3.8,20,0.21,129,293.42726360854334
41.73,2.1,15,0.77,130,1.7763568394002505e-15
39.17,4.3,15,0.9,131,1.7763568394002505e-15
82.37,3.2,5,0.55,132,78.68180909852245
49.96,1.3,10,0.99,133,0.0
12.67,4.8,10,0.8,134,0.0
97.11,3.5,10,0.74,135,136.10207985545708
95.38,5.8,20,0.68,136,268.7510924603152
91.14,2.0,5,0.15,137,149.92856887367236
22.98,4.4,15,0.21,138,10.607040801747825
62.28,1.5,15,0.94,139,0.0
50.69,2.2,15,0.41,140,18.30408586953549
19.71,4.7,5,0.42,141,2.220446049250313e-16
34.83,2.2,15,0.4,142,1.7763568394002505e-15
91.02,5.0,10,0.24,143,333.70383681897886
40.81,3.1,20,1.0,144,0.0
41.61,3.4,10,0.62,145,0.0
81.07,5.2,10,0.34,146,249.69823810293786
53.51,4.7,10,0.62,147,6.234885692325157
16.71,4.8,15,0.29,148,0.0
78.33,4.9,10,0.8,149,61.15800274219801
43.6,2.5,20,0.38,150,9.836945356743414
60.56,5.4,10,0.97,151,0.0
83.34,1.3,10,0.42,152,54.8639333193319
63.6,1.2,10,0.91,153,0.0
68.45,4.6,5,0.82,154,8.881784197001252e-16
58.59,1.7,5,0.72,155,8.881784197001252e-16
14.77,4.6,5,0.7,156,0.0
40.98,3.0,15,0.7,157,1.7763568394002505e-15
14.1,2.0,5,0.23,158,0.0
16.04,2.6,5,0.8,159,0.0
78.75,4.2,20,0.89,160,9.70399568167268
18.17,5.2,10,0.13,161,16.353796472136974
45.72,1.4,10,0.22,162,33.60634419674027
49.1,4.6,20,0.52,163,14.15728409884108
10.78,2.5,10,0.86,164,2.220446049250313e-16
55.54,4.3,10,0.77,165,1.7763568394002505e-15
35.12,4.9,5,0.62,166,4.440892098500626e-16
60.13,1.1,15,0.18,167,46.827775652233825
44.62,4.4,20,0.94,168,1.7763568394002505e-15
60.84,4.7,5,0.38,169,60.2772004799162
45.66,5.9,5,0.37,170,22.278638405442916
23.69,2.1,5,0.27,171,0.0
56.56,2.8,15,0.68,172,0.0
13.96,5.6,5,0.87,173,0.0
87.29,4.2,20,0.53,174,201.89847004678595
96.43,2.2,15,0.73,175,56.16469003174716
37.03,1.5,15,0.4,176,1.7763568394002505e-15
72.84,2.7,5,0.4,177,77.71430926617396
77.28,2.2,10,0.51,178,76.18242426175813
32.09,1.5,15,0.6,179,0.0
80.09,2.2,15,0.13,180,174.81046902973964
39.89,3.2,20,0.87,181,0.0
15.74,2.0,5,0.99,182,0.0
73.0,2.2,10,0.27,183,125.43753128791866
53.56,5.3,5,0.26,184,65.31953685035616
45.92,5.1,15,0.17,185,170.29719791511508
92.77,4.5,10,0.62,186,189.64140611731912
57.59,2.1,20,0.82,187,3.552713678800501e-15
73.45,2.5,5,0.69,188,23.726735241438558
86.91,5.8,20,0.87,189,100.47887287486805
35.29,2.2,5,0.17,190,28.213287670202217
71.42,4.1,10,0.82,191,14.486401817403571
40.77,5.3,20,0.55,192,0.0
41.21,3.6,5,0.32,193,19.140485735165488
70.59,3.5,15,0.17,194,241.92616179239022
66.03,5.5,10,0.81,195,4.740239661610089
81.63,1.4,5,0.18,196,93.86641234808016
20.68,5.1,10,0.48,197,4.440892098500626e-16
87.75,1.3,15,0.23,198,98.06611995863815
71.93,4.8,15,0.93,199,0.0
40.18,3.5,20,0.56,200,0.0
98.02,3.6,20,0.15,201,374.1627166912758
95.16,4.9,20,0.45,202,335.45222872169273
21.32,3.4,20,0.4,203,0.0
93.44,3.6,15,0.16,204,354.1495737265906
51.24,1.1,20,0.88,205,0.0
85.31,4.6,20,0.75,206,102.36023568633144
34.4,5.3,15,0.99,207,1.7763568394002505e-15
44.88,5.7,5,0.73,208,0.0
50.03,2.9,20,0.32,209,55.72001246622052
79.92,1.1,15,0.59,210,10.63739051454816
58.44,2.9,10,0.69,211,1.7763568394002505e-15
43.73,2.3,15,0.3,212,33.53076909468005
14.98,4.2,5,0.93,213,0.0
54.0,3.2,20,0.83,214,3.552713678800501e-15
38.54,1.5,10,0.11,215,46.50427197216967
68.83,1.4,20,0.28,216,58.30058812924198
13.56,3.7,20,0.64,217,0.0
28.96,5.7,20,0.29,218,17.22524022399774
49.0,6.0,10,0.96,219,1.7763568394002505e-15
38.19,3.7,20,0.41,220,2.30681748127151
76.79,5.1,20,0.4,221,264.1120056604608
65.97,4.4,10,0.57,222,75.99634970821556
82.84,3.4,15,0.54,223,137.48737571201306
96.95,3.7,5,0.5,224,131.7618235410316
27.79,3.2,15,0.97,225,0.0
77.98,3.7,15,0.14,226,288.97064831587755
13.59,5.4,15,0.97,227,4.440892098500626e-16
86.22,2.8,5,0.76,228,44.56696816090437
53.52,2.8,10,0.44,229,36.5864982197901
98.1,2.8,20,0.41,230,200.99980511967448
27.29,4.2,10,0.37,231,8.881784197001252e-16
23.0,2.8,5,0.81,232,0.0
78.37,5.1,15,0.6,233,162.4072378155626
43.56,2.0,15,0.35,234,14.96531524401911
91.13,5.6,10,0.7,235,172.70706398947416
91.62,3.5,5,0.54,236,108.0789701027752
46.94,4.9,5,0.54,237,8.881784197001252e-16
37.86,4.3,5,0.66,238,4.440892098500626e-16
11.79,2.3,20,0.5,239,0.0
70.45,5.7,20,0.75,240,53.05194756051556
75.24,1.7,15,0.97,241,3.552713678800501e-15
12.95,2.4,5,0.88,242,0.0
62.27,2.9,20,0.18,243,152.58367853979954
54.26,2.6,5,0.17,244,74.67160246482324
60.04,2.6,5,0.95,245,8.881784197001252e-16
94.14,2.4,20,0.82,246,30.626558138713285
86.45,2.4,10,0.17,247,203.73932966931702
58.84,2.7,20,0.63,248,0.6663304394507356
69.26,4.7,5,0.45,249,69.1960858069825
79.12,4.8,10,0.7,250,98.10644235565779
52.98,1.6,20,0.2,251,47.11663110006073
25.85,3.4,10,0.93,252,0.0
87.59,2.4,20,0.39,253,143.05200766929383
16.58,5.6,15,0.55,254,0.0
57.29,4.7,20,0.14,255,262.59547922048824
28.52,4.2,10,0.66,256,8.881784197001252e-16
42.77,4.6,5,0.51,257,0.0
63.79,2.7,5,0.54,258,29.271913256667947
45.89,5.0,20,0.59,259,3.552713678800501e-15
96.87,3.7,20,0.53,260,229.75722437708686
12.85,5.8,10,0.18,261,0.0
22.05,3.1,20,0.15,262,19.692888175880608
26.43,3.8,15,0.57,263,0.0
48.69,3.6,10,0.35,264,60.95756347318594
67.4,2.5,15,0.57,265,36.548722853382976
26.86,5.8,15,0.44,266,0.0
15.71,1.0,10,0.89,267,0.0
59.6,1.9,15,0.25,268,72.04545692003758
83.84,2.3,5,0.97,269,0.43315193214423575
68.53,4.3,5,0.76,270,4.760578084152384
60.81,5.8,20,0.53,271,104.71629419032026
27.68,1.6,5,0.67,272,0.0
46.9,3.1,5,0.44,273,8.942587997174737
12.37,5.7,5,0.83,274,0.0
51.6,4.5,20,0.12,275,221.95831979065116
72.88,1.2,20,0.78,276,3.552713678800501e-15
26.01,5.6,20,0.66,277,1.7763568394002505e-15
50.1,4.1,20,0.59,278,3.552713678800501e-15
34.79,1.6,20,0.41,279,0.0
88.62,5.1,20,0.24,280,433.08641820141906
75.97,4.6,10,0.66,281,94.32369313180455
63.11,4.6,20,0.18,282,259.1424011591422
59.57,1.6,5,0.98,283,8.881784197001252e-16
19.4,2.5,20,0.47,284,8.881784197001252e-16
87.67,5.2,20,0.39,285,342.7299821067627
67.79,4.8,20,0.53,286,120.2337434674834
84.69,2.5,15,0.3,287,181.14247951947857
95.59,4.1,5,0.46,288,138.45412944203622
85.21,2.6,10,0.32,289,170.14022833191652
32.4,3.6,20,0.73,290,1.7763568394002505e-15
59.94,2.8,20,0.17,291,147.6334470801861
93.23,3.8,20,0.48,292,234.29937628581166
23.01,4.9,20,0.88,293,0.0
10.57,4.7,10,0.23,294,2.220446049250313e-16
28.17,5.2,15,0.77,295,0.0
19.86,2.4,20,0.28,296,0.0
22.71,5.9,10,0.5,297,0.0
46.0,1.5,5,0.61,298,0.0
62.41,3.8,10,0.89,299,1.7763568394002505e-15
20.87,3.9,5,0.16,300,2.7670668203336466
26.88,4.8,10,0.51,301,0.0
43.87,1.5,15,0.36,302,6.050341484047132
79.36,1.0,20,0.19,303,68.11328082975963
60.4,4.0,5,0.6,304,14.18740953478132
41.52,3.3,15,0.55,305,0.0
88.49,4.8,10,0.29,306,292.94061351720615
46.88,3.1,20,0.61,307,0.0
90.09,5.0,20,0.86,308,103.63778245803157
87.22,3.9,15,0.76,309,95.74283060067837
89.96,1.7,5,0.7,310,43.52771905323699
18.78,2.9,5,0.63,311,2.220446049250313e-16
29.25,1.4,5,0.8,312,0.0
24.32,4.1,15,0.93,313,8.881784197001252e-16
68.49,3.4,15,0.47,314,101.02807780406692
26.56,5.7,5,0.24,315,0.1572981308861768
78.83,2.2,20,0.77,316,2.6824862408356505
18.37,3.5,20,0.88,317,8.881784197001252e-16
92.78,2.5,5,0.97,318,19.966244342859273
92.16,1.7,20,0.46,319,84.82355665548407
79.06,3.6,15,0.93,320,3.789738324138442
80.24,5.1,10,0.37,321,230.80393785200826
80.56,1.5,5,0.9,322,0.03400384192726641
70.9,5.6,10,0.36,323,195.2941628110723
16.2,4.6,5,0.23,324,0.0
13.11,3.7,20,0.12,325,0.8438274293500843
88.93,3.9,5,0.28,326,154.45136351952868
79.3,6.0,15,0.95,327,27.585853082753513
21.18,5.2,15,0.63,328,8.881784197001252e-16
37.96,3.1,5,0.98,329,4.440892098500626e-16
20.55,5.9,15,0.32,330,8.881784197001252e-16
13.06,5.4,5,0.74,331,0.0
39.85,4.6,10,0.23,332,76.43966539837264
31.03,2.2,20,0.26,333,4.489455472335022
70.51,4.6,20,0.36,334,210.33495707419723
31.66,1.5,10,0.17,335,20.7183329554499
12.05,4.5,20,0.23,336,0.0
12.81,3.7,15,0.71,337,4.440892098500626e-16
92.97,2.6,20,0.59,338,94.01813587326264
53.15,5.9,5,0.28,339,60.452853984235595
15.1,1.7,10,0.56,340,0.0
56.46,3.7,10,0.31,341,110.10376396488408
68.01,2.9,5,0.96,342,8.881784197001252e-16
93.3,5.1,20,0.57,343,279.7773362218568
65.98,4.4,20,0.48,344,122.27529590767757
49.62,1.2,10,0.81,345,0.0
82.3,2.8,15,0.72,346,50.52891676126296
70.2,4.2,20,0.59,347,81.18455105123712
61.06,1.4,20,0.11,348,79.97206427155182
54.35,5.8,10,0.7,349,0.0
65.37,3.3,10,0.54,350,60.90547979850015
43.65,1.8,5,0.94,351,0.0
98.12,2.2,10,0.55,352,127.16337573766779
43.36,1.1,10,1.0,353,0.0
14.54,4.3,10,0.41,354,0.0
20.86,3.0,5,0.73,355,2.220446049250313e-16
93.73,3.1,20,0.43,356,205.19730570865156
13.17,4.6,5,0.65,357,0.0
37.69,2.3,5,0.61,358,4.440892098500626e-16
54.79,3.1,15,0.82,359,0.0
83.97,1.5,20,0.47,360,45.44576724504392
32.47,2.7,10,0.91,361,8.881784197001252e-16
17.87,3.0,5,0.57,362,2.220446049250313e-16
13.92,5.8,20,0.85,363,0.0
47.89,3.1,20,0.62,364,3.552713678800501e-15
69.24,1.5,15,0.59,365,9.662233543889524
81.85,3.2,10,0.62,366,100.20878015178184
84.33,3.7,10,0.59,367,136.62189734382008
23.24,5.8,5,0.72,368,2.220446049250313e-16
29.48,2.6,10,0.31,369,0.0
35.87,4.6,5,0.2,370,30.773668850105718
83.88,4.2,20,0.26,371,315.2575293796881
48.02,2.7,10,0.65,372,1.7763568394002505e-15
79.77,2.2,15,0.27,373,135.2456300777473
32.82,1.0,15,0.56,374,0.0
93.79,5.0,5,0.14,375,200.67730422364625
39.03,1.6,10,0.35,376,2.861430256347636
66.19,4.6,10,0.9,377,0.0
12.37,4.9,15,0.46,378,4.440892098500626e-16
68.9,4.1,20,0.7,379,30.351278476613516
44.74,1.0,5,0.66,380,0.0
39.07,3.7,20,0.3,381,43.253362163586544
60.54,5.0,10,0.15,382,213.07242956469793
47.71,1.9,5,0.65,383,0.0
24.7,4.7,15,0.17,384,38.22448788446888
24.73,5.1,15,0.14,385,57.21040179488868
32.94,1.3,20,0.19,386,8.941021600981514
63.51,1.6,5,0.41,387,36.201263427505395
34.48,1.7,10,0.96,388,0.0
97.09,4.9,5,0.1,389,217.65049749665434
62.51,4.3,5,0.79,390,8.881784197001252e-16
27.92,3.5,5,0.54,391,0.0
42.57,3.6,20,0.56,392,0.0
98.58,5.3,20,0.88,393,146.7952532010668
44.4,4.9,10,0.26,394,90.52301201536685
57.78,1.5,5,0.21,395,54.783191641843906
28.73,3.9,5,0.77,396,0.0
46.34,2.6,15,0.56,397,0.0
21.18,1.4,15,0.96,398,0.0
26.0,5.0,10,0.52,399,0.0
42.98,3.2,20,0.88,400,1.7763568394002505e-15
78.1,1.1,15,0.4,401,36.15098685724281
37.8,1.1,20,0.35,402,0.0
59.57,2.2,20,0.71,403,3.552713678800501e-15
80.86,4.8,10,0.27,404,262.60084540358923
46.99,3.6,20,0.47,405,9.778072557745453
35.23,1.6,15,0.24,406,12.396240128335926
27.14,2.0,20,0.21,407,6.769868890211647
18.67,5.7,10,0.46,408,4.440892098500626e-16
13.64,1.6,15,0.14,409,0.0
40.71,4.3,15,0.4,410,22.110901307087072
31.34,3.7,20,1.0,411,1.7763568394002505e-15
37.28,4.7,15,0.72,412,1.7763568394002505e-15
91.56,4.6,20,0.87,413,82.22203794776297
77.34,5.8,20,0.45,414,272.3835597139517
77.63,6.0,15,0.51,415,233.35288966736798
16.41,3.7,5,0.18,416,0.0
96.34,4.8,10,0.46,417,269.8599544691216
36.84,4.8,5,0.46,418,4.440892098500626e-16
74.82,4.8,20,0.66,419,97.6173357956127
63.34,1.4,20,0.76,420,3.552713678800501e-15
28.35,3.4,5,0.85,421,0.0
34.47,3.7,10,0.31,422,18.149680105962695
27.25,2.1,5,0.26,423,4.440892098500626e-16
90.92,1.6,10,0.82,424,17.059115855590292
32.72,3.0,5,0.48,425,4.440892098500626e-16
99.61,2.9,5,0.27,426,173.00382820978734
33.9,2.5,15,0.48,427,0.0
13.71,2.7,10,0.56,428,0.0
98.39,5.7,5,0.69,429,103.72646063888038
89.57,5.7,20,0.15,430,542.4528654580498
40.27,1.3,15,0.74,431,0.0
16.27,1.2,10,0.37,432,0.0
97.68,1.3,20,0.8,433,2.343609497920964
54.82,4.0,15,0.64,434,2.7539254527004013
65.5,5.5,15,0.74,435,30.647724673851137
96.77,5.2,5,0.57,436,122.77798657998432
92.57,5.4,10,0.8,437,140.10846735336392
45.36,5.2,15,0.57,438,0.0
71.02,3.4,20,0.69,439,26.66799079137828
56.9,2.5,20,0.68,440,0.0
57.67,5.0,15,0.34,441,160.01108572449965
61.47,3.2,5,0.76,442,0.0
22.6,4.8,20,0.88,443,0.0
25.52,3.4,10,0.3,444,8.881784197001252e-16
83.67,5.2,15,0.38,445,301.4003723288165
20.09,4.6,15,0.57,446,8.881784197001252e-16
94.5,1.9,20,0.56,447,64.88916828564822
91.12,3.4,20,0.96,448,17.41632502878739
54.61,3.0,15,0.24,449,118.01219490337735
82.5,4.9,15,0.95,450,27.150227283414058
90.71,4.4,15,0.63,451,190.26980150436367
66.42,4.4,10,0.12,452,237.83715550742883
71.61,1.9,5,0.97,453,0.0
75.7,3.3,5,0.79,454,15.536422643049095
33.6,5.8,10,0.4,455,8.881784197001252e-16
53.38,4.1,10,0.32,456,99.82154212901408
20.23,4.8,20,0.37,457,8.881784197001252e-16
81.76,5.7,20,0.33,458,376.900581802155
67.55,4.1,10,0.68,459,41.16120340262951
55.5,1.8,15,0.76,460,0.0
25.39,2.8,10,0.44,461,0.0
51.66,3.9,5,0.78,462,8.881784197001252e-16
23.46,5.2,15,0.4,463,8.881784197001252e-16
78.16,3.5,20,0.62,464,80.47341491344275
53.39,4.1,10,0.54,465,25.68386803841128
58.76,4.3,20,0.16,466,225.53125937333058
73.43,5.6,10,0.94,467,3.552713678800501e-15
71.61,3.8,20,0.47,468,128.6550518490793
19.76,1.6,10,0.53,469,4.440892098500626e-16
11.71,3.2,15,0.9,470,4.440892098500626e-16
11.48,1.7,10,0.7,471,0.0
42.23,4.2,10,0.24,472,80.05625746741215
24.82,5.8,10,0.19,473,25.97005380543201
83.34,5.2,5,0.25,474,149.35319131104006
83.09,5.8,20,0.88,475,69.85363933501868
94.52,5.1,15,0.33,476,393.0050806230766
64.31,1.1,15,0.31,477,32.05739906289459
98.41,1.3,20,0.46,478,49.174122958466555
18.99,5.3,15,0.47,479,0.0
16.9,2.9,5,0.22,480,2.220446049250313e-16
97.91,4.4,15,0.82,481,146.62938917889406
30.28,1.1,15,0.54,482,0.0
84.41,5.9,20,0.96,483,39.89771054774545
99.84,2.1,5,0.37,484,134.31633342312733
97.99,5.7,15,0.71,485,251.79088921471325
80.5,5.1,15,0.19,486,373.774626002776
68.51,1.8,10,0.97,487,1.7763568394002505e-15
89.08,1.5,10,0.81,488,15.582189910027195
91.19,4.4,20,0.63,489,194.41046118655544
28.87,4.1,5,0.91,490,0.0
43.98,4.5,15,0.89,491,1.7763568394002505e-15
48.01,3.8,20,0.56,492,3.552713678800501e-15
22.67,3.1,20,0.23,493,0.019131556445468333
76.94,4.2,5,0.6,494,59.23842175239291
75.41,6.0,10,0.14,495,310.54051179012214
34.37,1.2,20,0.14,496,18.77424124746991
36.69,4.8,5,0.86,497,4.440892098500626e-16
65.18,4.3,5,0.52,498,43.334124848116886
42.28,3.3,10,0.9,499,0.0
53.25,1.8,10,0.25,500,54.62388664012376
85.91,5.9,10,0.18,501,348.7253206316313
69.9,2.4,15,0.65,502,17.20344873523924
29.34,5.5,5,0.31,503,4.440892098500626e-16
11.28,3.0,5,0.77,504,1.1102230246251565e-16
14.08,4.5,15,0.8,505,4.440892098500626e-16
95.92,5.0,10,0.78,506,158.75011429592985
93.33,2.0,10,0.96,507,13.561061147453325
85.58,3.4,15,0.14,508,304.1282706220623
56.09,4.4,10,0.11,509,192.79438176154164
11.91,1.4,20,0.72,510,0.0
52.47,3.3,20,0.12,511,157.13060727673647
56.38,1.9,15,0.94,512,0.0
27.4,1.8,5,0.24,513,0.1474299431489751
72.0,1.9,20,0.83,514,0.0
12.22,1.5,15,0.46,515,0.0
98.96,5.2,5,0.57,516,129.000486795289
11.4,5.5,15,0.43,517,4.440892098500626e-16
78.47,1.2,20,0.1,518,81.41622464156006
63.33,2.0,15,0.28,519,86.88741999248933
76.26,4.5,5,0.15,520,148.35550435218158
56.98,5.3,15,0.68,521,7.544999372473601
93.36,2.0,15,0.15,522,206.1920746706126
94.52,5.0,20,0.82,523,151.84805071001736
81.7,3.4,15,0.92,524,8.8326773706389
22.8,3.4,15,0.52,525,0.0
19.18,3.7,20,0.99,526,8.881784197001252e-16
65.72,5.6,5,0.4,527,70.39931923527264
16.86,1.1,5,0.1,528,2.3805977145016337
23.73,5.3,20,0.15,529,51.685289236215326
95.06,3.0,15,0.35,530,244.47124130467685
72.66,4.3,15,0.95,531,0.0
38.01,3.7,5,0.38,532,0.06689434765514406
37.44,5.6,5,0.93,533,4.440892098500626e-16
78.79,3.9,20,0.28,534,253.14092931467715
45.25,4.5,15,0.52,535,4.006681997455497
78.72,1.8,20,0.42,536,64.68393950069925
38.44,3.0,20,0.75,537,0.0
57.13,2.5,5,0.97,538,8.881784197001252e-16
74.03,1.9,15,0.93,539,3.552713678800501e-15
28.44,6.0,10,0.85,540,8.881784197001252e-16
58.42,1.6,10,0.61,541,0.09476697274935432
63.61,2.3,5,0.55,542,23.434930858655147
15.62,4.6,10,0.49,543,4.440892098500626e-16
76.38,1.6,15,0.16,544,113.48542502816447
90.3,4.9,15,0.97,545,59.213134021529875
75.27,5.6,20,0.37,546,288.2251022807284
20.86,4.2,15,0.95,547,8.881784197001252e-16
12.26,1.2,20,0.46,548,0.0
59.38,3.5,20,0.85,549,0.0
16.54,5.7,10,0.16,550,4.440892098500626e-16
93.08,2.8,5,0.7,551,73.1927148086167
21.32,4.4,10,0.37,552,0.0
99.46,2.8,20,0.11,553,316.56417396601387
46.38,5.6,10,0.25,554,110.18846058838847
19.14,1.8,20,1.0,555,0.0
86.63,1.5,20,0.57,556,29.35418682640439
73.65,2.7,20,0.89,557,0.0
94.65,2.7,20,0.24,558,250.778168538487
27.34,3.8,5,0.2,559,9.442373614638084
46.12,2.7,15,0.52,560,0.0
24.83,3.8,20,0.11,561,59.000918268051464
15.77,5.6,15,0.83,562,0.0
25.5,3.9,20,0.59,563,0.0
76.16,1.3,20,0.69,564,0.0
72.79,5.9,5,0.22,565,126.5120617049181
21.82,5.4,20,0.72,566,0.0
66.69,2.5,10,0.67,567,16.64997726796197
50.03,2.5,15,0.42,568,24.559387918729804
58.93,5.8,10,0.96,569,0.0
84.28,2.1,10,0.88,570,8.977992109444083
34.95,4.9,20,0.97,571,1.7763568394002505e-15
32.85,4.0,10,0.18,572,57.66038582969766
30.8,1.4,10,0.23,573,5.853379147946892
12.4,3.2,10,0.41,574,0.0
72.4,3.3,15,0.39,575,149.08729076678145
51.38,5.5,20,0.21,576,212.7635938736769
55.79,1.0,10,0.53,577,0.0043445302463570815
30.11,3.5,5,0.78,578,4.440892098500626e-16
38.29,4.1,15,0.8,579,1.7763568394002505e-15
36.6,5.9,20,0.69,580,1.7763568394002505e-15
14.07,1.9,5,0.88,581,0.0
27.03,1.2,10,0.36,582,0.0
99.82,2.3,5,0.33,583,147.17591212110653
42.89,1.6,5,0.7,584,0.0
93.62,4.7,5,0.21,585,185.25497695757406
89.02,1.5,5,0.52,586,64.07302744720808
14.86,3.4,5,0.64,587,0.0
99.46,1.8,5,0.65,588,73.3858888493731
81.29,2.7,10,0.26,589,184.02399559932292
43.05,5.7,5,0.88,590,0.0
14.0,6.0,5,0.41,591,0.0
21.5,4.2,5,0.63,592,2.220446049250313e-16
41.1,4.9,20,0.35,593,49.80343822540213
27.98,5.5,5,0.26,594,4.440892098500626e-16
54.2,2.3,10,0.15,595,101.62645734069582
66.8,3.4,15,0.75,596,5.37620690365952
73.71,4.1,20,0.72,597,44.36386304739067
11.63,3.3,5,0.43,598,0.0
44.4,1.1,5,0.49,599,0.0
69.44,2.3,20,0.55,600,23.976355089271472
59.56,2.9,15,0.57,601,18.729875822380073
53.7,3.2,5,0.65,602,8.881784197001252e-16
27.74,1.8,5,0.35,603,0.0
61.54,3.9,15,0.76,604,3.552713678800501e-15
91.44,6.0,15,0.68,605,240.74649923965637
67.78,3.9,10,0.2,606,201.26895217069182
42.29,2.1,20,0.66,607,0.0
38.25,4.4,20,0.5,608,0.0
13.93,3.8,5,0.2,609,0.0
22.95,3.9,20,0.86,610,0.0
76.59,3.5,10,0.55,611,111.69294540007562
69.39,2.9,15,0.76,612,4.025227211008989
83.78,1.9,5,0.96,613,0.07670642541561115
69.9,4.4,5,0.14,614,132.39530737792097
63.56,4.9,15,0.33,615,192.8209652152934
23.76,1.3,20,0.72,616,0.0
75.24,4.8,10,0.11,617,293.20777985638944
11.45,4.2,20,0.33,618,4.440892098500626e-16
93.37,5.3,15,0.85,619,144.8025733336949
67.11,1.1,15,0.33,620,32.61595128519987
89.97,4.1,20,0.19,621,383.23717278659234
80.74,5.5,20,0.94,622,22.32733918523794
56.91,2.1,20,0.44,623,20.77369452187688
51.05,5.5,20,0.36,624,123.69507305863903
19.29,3.2,20,0.42,625,8.881784197001252e-16
51.58,1.1,10,0.13,626,44.19910566675877
37.17,3.6,10,0.37,627,9.49478457698386
60.84,4.7,20,0.22,628,241.93634737269923
82.18,1.7,20,0.72,629,7.656006339511419
11.6,2.1,10,0.82,630,0.0
57.68,3.2,10,0.13,631,159.42546853017203
46.53,1.4,10,0.67,632,0.0
28.59,2.7,15,0.76,633,8.881784197001252e-16
12.7,5.2,20,0.77,634,0.0
66.64,4.2,10,0.52,635,93.68662946662201
19.88,2.6,15,0.84,636,0.0
92.34,4.0,20,0.83,637,89.89445538146434
65.12,5.3,10,0.83,638,0.0
47.24,2.6,20,0.8,639,0.0
57.6,2.0,5,0.46,640,23.15155254262158
45.77,5.4,5,0.35,641,26.470452779338316
44.92,4.0,20,0.75,642,3.552713678800501e-15
36.78,5.6,10,0.1,643,118.4124907630515
98.67,3.6,15,0.98,644,57.75969317478217
46.51,1.7,20,0.67,645,0.0
82.56,5.6,15,0.39,646,311.02293185463935
64.76,5.3,5,0.92,647,8.881784197001252e-16
39.39,3.3,10,0.53,648,0.0
72.04,1.6,20,0.96,649,3.552713678800501e-15
88.66,4.2,10,0.6,650,167.89085810640728
53.36,3.9,15,0.24,651,141.80751500716522
73.27,5.3,5,0.51,652,68.8785241079877
39.83,4.6,15,0.59,653,1.7763568394002505e-15
25.09,2.2,20,0.67,654,0.0
22.31,1.3,5,0.39,655,2.220446049250313e-16
87.39,5.7,20,0.92,656,77.75002747867659
43.03,5.6,5,0.59,657,0.0
24.96,2.0,10,0.85,658,0.0
77.24,3.5,5,0.81,659,16.636247652747038
78.88,5.0,10,0.13,660,312.87639097097883
14.51,1.8,10,0.48,661,0.0
85.68,2.9,15,0.85,662,25.76158267699211
80.2,1.0,15,0.7,663,1.3550305536454996
66.22,5.4,15,0.7,664,48.51850845719277
11.59,4.2,15,0.56,665,4.440892098500626e-16
21.2,5.2,15,0.36,666,8.881784197001252e-16
58.07,2.3,10,0.2,667,99.95876694722368
44.25,3.8,10,0.5,668,1.4639702542901356
65.33,3.0,20,0.42,669,90.21544259711915
36.24,3.5,5,0.72,670,4.440892098500626e-16
45.11,2.4,20,0.72,671,0.0
79.61,1.3,15,0.21,672,88.15526516417312
56.18,1.7,10,0.18,673,76.44157043220639
24.72,4.7,10,0.22,674,11.87871237512961
31.43,1.8,10,0.96,675,8.881784197001252e-16
33.42,4.2,20,0.49,676,1.7763568394002505e-15
34.88,4.5,10,0.56,677,8.881784197001252e-16
77.26,1.8,10,0.88,678,0.0
23.8,3.1,15,0.53,679,0.0
64.94,1.8,15,0.9,680,0.0
58.83,2.0,10,0.77,681,1.7763568394002505e-15
88.78,2.5,5,0.75,682,49.703383236561436
17.7,1.2,15,0.6,683,0.0
33.7,2.8,20,0.17,684,50.895820030767524
88.93,5.8,5,0.73,685,68.80971713045734
92.68,3.2,5,0.72,686,72.99497467819825
73.11,2.6,15,0.62,687,40.376103096857534
37.29,4.1,20,0.24,688,68.61191412445433
74.98,4.5,5,1.0,689,0.0
69.6,5.3,10,0.17,690,254.51223034212228
47.52,4.2,10,0.79,691,0.0
71.21,4.9,15,0.59,692,116.47305470006529
48.32,1.7,20,1.0,693,0.0
32.77,1.4,20,0.19,694,13.926570421073194
10.25,1.9,10,0.93,695,2.220446049250313e-16
86.69,1.5,10,0.22,696,123.18474064792952
27.53,4.5,20,0.74,697,0.0
61.73,1.2,15,0.31,698,28.674090795095434
29.88,3.6,5,0.95,699,4.440892098500626e-16
47.36,2.6,5,0.75,700,0.0
73.01,2.4,5,0.12,701,124.14136165538662
37.81,3.7,15,0.57,702,1.7763568394002505e-15
29.85,4.3,15,0.96,703,0.0
48.14,1.8,20,0.61,704,0.0
36.87,4.1,20,0.34,705,21.698960324900273
16.43,5.7,15,0.86,706,0.0
78.44,4.4,20,0.78,707,52.63633418767725
39.4,1.7,10,0.52,708,0.0
77.81,3.6,15,0.99,709,3.552713678800501e-15
56.48,4.6,15,0.45,710,88.7867876177786
78.83,1.4,15,0.7,711,3.558613141797763
26.14,3.5,10,0.66,712,0.0
88.64,3.0,15,0.16,713,287.6784150332165
51.33,2.4,15,0.75,714,1.7763568394002505e-15
45.67,1.9,10,0.51,715,1.7763568394002505e-15
39.82,5.1,15,0.56,716,1.7763568394002505e-15
15.31,3.7,15,0.8,717,0.0
22.08,5.3,5,0.29,718,0.0
30.25,4.9,10,0.66,719,8.881784197001252e-16
96.5,2.8,10,0.45,720,182.11692507535554
65.87,5.9,5,0.97,721,8.881784197001252e-16
99.86,4.3,5,0.92,722,59.23267191210582
13.01,2.2,15,0.26,723,4.440892098500626e-16
35.06,5.0,15,0.35,724,20.073761831848543
85.73,4.6,5,0.67,725,70.53598139696247
17.87,3.3,10,0.96,726,4.440892098500626e-16
11.03,4.1,5,0.89,727,1.1102230246251565e-16
44.31,5.5,20,0.86,728,0.0
97.61,1.8,20,0.44,729,102.12529909093466
19.41,5.1,15,0.71,730,8.881784197001252e-16
25.48,4.4,15,0.6,731,8.881784197001252e-16
37.15,1.6,20,0.96,732,1.7763568394002505e-15
53.77,1.1,10,0.68,733,1.7763568394002505e-15
50.54,4.0,20,0.2,734,160.72896121865548
30.64,3.2,15,0.62,735,0.0
13.83,1.6,15,0.85,736,4.440892098500626e-16
60.68,5.0,10,0.46,737,98.96734285130802
28.15,5.0,10,0.52,738,8.881784197001252e-16
29.24,3.0,15,0.53,739,0.0
70.22,2.3,15,0.51,740,53.15641593452695
59.46,5.4,10,0.51,741,77.78237743874999
48.95,6.0,5,0.38,742,29.022187476818647
56.38,5.5,20,0.95,743,3.552713678800501e-15
82.69,1.2,15,0.69,744,3.2765403585655313
37.57,4.2,10,0.43,745,1.7763568394002505e-15
62.8,5.7,5,0.84,746,8.881784197001252e-16
53.08,4.2,20,0.22,747,164.8920157388648
67.56,5.4,15,0.51,748,145.7997113736053
70.79,4.0,10,0.86,749,2.80521137716471
61.43,3.6,20,0.56,750,33.08536765113345
81.88,4.7,5,0.58,751,78.0188271192573
37.69,3.6,15,0.91,752,0.0
46.07,3.3,10,0.37,753,39.11128417528857
60.5,3.4,20,0.49,754,54.845004093390024
91.35,5.6,10,0.17,755,374.4809112634543
47.03,3.1,20,0.31,756,58.08973591118371
88.65,5.3,20,0.53,757,270.9336452086595
70.42,5.7,5,0.53,758,57.19640141711537
19.46,2.8,20,0.18,759,0.8107166414524177
59.38,3.8,15,0.85,760,3.552713678800501e-15
19.83,3.4,20,0.2,761,0.12820573634518176
53.1,3.3,15,0.85,762,0.0
54.47,5.2,5,0.74,763,8.881784197001252e-16
93.12,1.0,15,0.59,764,26.32306804848704
43.08,1.5,10,0.31,765,15.825789034836976
42.79,4.2,10,0.5,766,1.7763568394002505e-15
14.53,2.9,15,0.69,767,4.440892098500626e-16
74.32,3.9,5,0.25,768,120.53602569190923
18.2,5.8,20,0.13,769,32.17111413367639
12.82,4.1,15,0.42,770,0.0
90.52,1.1,20,0.45,771,40.675860458276865
64.08,5.1,10,0.66,772,43.178957544269046
90.61,2.4,15,0.41,773,146.43619099893317
24.42,1.5,20,0.53,774,0.0
21.48,2.6,10,0.33,775,0.0
52.29,2.6,20,0.83,776,0.0
42.75,1.8,15,0.42,777,0.3931356600594846
29.49,5.6,20,0.21,778,60.419803018894264
61.33,5.9,15,0.78,779,0.2840110401021698
92.79,5.8,20,0.39,780,422.7082027042833
40.27,5.4,10,0.88,781,0.0
68.04,4.8,10,0.59,782,83.65197450652789
34.34,5.9,15,0.61,783,1.7763568394002505e-15
59.8,4.2,20,0.42,784,104.27558944413857
42.12,2.4,5,0.57,785,4.440892098500626e-16
27.89,4.6,10,0.61,786,8.881784197001252e-16
28.56,3.4,10,0.63,787,8.881784197001252e-16
19.51,4.8,15,1.0,788,8.881784197001252e-16
24.16,5.6,10,0.12,789,48.829858216904974
75.86,3.7,10,0.45,790,146.75121813221293
61.04,2.5,10,0.2,791,123.95274905933586
36.59,2.0,10,1.0,792,8.881784197001252e-16
65.53,5.8,10,0.96,793,0.0
46.7,3.8,5,0.94,794,0.0
60.0,3.2,15,0.62,795,11.882493464504803
55.73,2.6,15,0.98,796,0.0
65.67,1.6,15,0.67,797,0.0
28.66,3.0,20,0.51,798,0.0
61.99,4.5,20,0.29,799,195.8704922473415
88.85,3.4,5,0.41,800,124.68385098587574
69.89,3.6,20,0.9,801,0.0
68.06,4.7,10,0.2,802,225.24881603238708
15.04,4.2,10,0.63,803,0.0
19.21,3.4,10,0.26,804,0.0
45.06,5.2,10,0.59,805,1.7763568394002505e-15
85.6,4.9,5,0.92,806,20.40476772309269
10.27,1.3,15,0.96,807,0.0
84.02,3.5,20,0.18,808,295.9521955839438
62.18,4.5,20,0.91,809,0.0
83.21,4.1,20,0.79,810,61.62021292348319
46.42,5.3,15,0.41,811,61.970221441854136
92.45,2.8,20,0.66,812,88.84672829027389
32.42,5.7,10,0.68,813,8.881784197001252e-16
29.55,5.6,5,0.82,814,0.0
96.72,4.3,20,0.81,815,120.99461843772555
57.63,1.4,10,0.49,816,8.454054806697844
61.52,2.1,5,0.95,817,8.881784197001252e-16
22.44,4.3,5,0.58,818,2.220446049250313e-16
86.89,3.2,5,0.95,819,13.88342264167958
60.85,2.0,5,0.88,820,8.881784197001252e-16
62.33,5.3,20,0.81,821,3.552713678800501e-15
37.52,3.4,15,0.71,822,1.7763568394002505e-15
46.02,3.8,5,0.5,823,8.881784197001252e-16
93.1,2.0,10,0.42,824,133.9357359531631
84.12,4.8,20,0.86,825,57.96134430811497
46.15,2.6,5,0.16,826,57.4533957910928
47.22,3.0,10,0.51,827,3.943919350603381
32.03,3.2,15,0.36,828,1.7763568394002505e-15
41.31,5.3,20,0.75,829,1.7763568394002505e-15
59.26,3.4,20,0.49,830,49.53236800470403
22.68,3.8,15,0.82,831,8.881784197001252e-16
56.74,2.8,5,0.17,832,82.4457200476105
55.3,4.7,15,0.47,833,73.36962657618542
74.56,4.7,20,0.48,834,188.7375577482264
29.9,5.2,10,0.88,835,8.881784197001252e-16
82.1,3.8,15,0.82,836,49.840659367562495
17.0,3.7,10,0.92,837,4.440892098500626e-16
99.75,1.5,15,0.97,838,2.7166924258219685
70.25,1.9,20,0.68,839,0.19927128032266836
99.73,4.5,15,0.22,840,443.3702399763479
60.06,1.8,5,0.41,841,32.87307544201682
84.85,4.8,20,0.97,842,19.218097411564298
43.19,5.7,5,0.81,843,4.440892098500626e-16
27.19,3.8,5,0.32,844,0.0
54.48,3.4,10,0.28,845,103.87527304970187
17.19,3.9,20,0.45,846,0.0
67.48,5.0,10,0.65,847,63.445280314495704
14.35,2.5,15,0.84,848,0.0
99.6,3.0,10,0.79,849,110.32840612763663
30.35,2.5,10,0.5,850,0.0
55.34,2.4,15,0.52,851,10.30302059235172
49.82,2.4,15,0.29,852,55.18069222906889
68.31,1.1,10,0.84,853,1.7763568394002505e-15
27.89,1.6,15,0.79,854,0.0
14.31,1.3,15,0.46,855,4.440892098500626e-16
47.64,1.4,5,0.74,856,0.0
82.95,1.4,10,0.41,857,66.53585284329637
94.3,2.1,5,0.69,858,65.51538672965886
48.81,2.5,10,0.45,859,16.662777693431615
98.68,4.2,20,0.53,860,264.959013258466
13.79,4.3,15,0.5,861,4.440892098500626e-16
74.04,5.5,15,0.56,862,169.62486214197332
71.57,2.7,20,0.66,863,20.654066706756925
10.11,6.0,15,0.17,864,0.0
73.14,1.3,10,0.36,865,48.52776725016753
68.19,5.2,10,0.79,866,19.075966706694068
28.54,3.0,10,0.31,867,0.0
66.15,3.3,5,0.65,868,17.616401354922615
51.15,5.6,20,0.22,869,205.3511703745025
57.37,5.4,15,0.27,870,199.33577503682088
18.51,3.4,15,0.4,871,0.0
15.21,5.0,5,0.84,872,0.0
25.59,5.0,20,0.85,873,0.0
71.61,5.8,10,0.82,874,28.315580787365786
87.25,3.6,5,0.15,875,173.71285492543902
88.6,4.2,5,0.23,876,165.3181386619363
70.95,4.7,15,0.32,877,231.1044251754487
64.52,3.0,10,0.41,878,92.87897472269712
98.46,2.7,20,0.17,879,290.74150515103486
14.52,5.6,20,0.96,880,0.0
83.19,1.8,15,0.6,881,42.69786192611002
60.86,2.7,5,0.72,882,0.0
99.83,1.5,15,1.0,883,1.133162038989939
68.1,5.3,15,0.84,884,5.233464023454288
67.19,1.6,5,0.27,885,65.19397765364434
37.5,3.7,10,0.95,886,8.881784197001252e-16
27.4,1.3,15,0.91,887,8.881784197001252e-16
95.65,5.0,20,0.35,888,418.7341843404427
82.54,2.9,20,1.0,889,0.0
56.51,1.5,20,0.24,890,44.993064024615784
57.62,1.9,5,0.7,891,8.881784197001252e-16
51.53,1.0,5,0.91,892,0.0
84.06,4.6,20,0.15,893,398.93573802304917
23.93,5.7,10,0.13,894,44.46820330398637
58.31,4.2,20,0.62,895,14.241573860006385
50.42,2.9,10,0.94,896,0.0
92.59,1.7,10,0.4,897,112.24881288710068
42.29,2.3,5,0.69,898,4.440892098500626e-16
42.21,3.7,20,0.66,899,0.0
98.03,2.1,10,0.65,900,91.14004561768802
58.73,3.7,10,0.72,901,1.7763568394002505e-15
11.06,5.6,15,0.15,902,4.440892098500626e-16
49.18,4.5,10,0.94,903,1.7763568394002505e-15
13.03,4.2,15,0.54,904,4.440892098500626e-16
27.91,2.4,15,0.56,905,0.0
56.97,4.9,5,0.85,906,8.881784197001252e-16
40.26,2.8,15,0.34,907,20.72244052552329
29.1,4.5,20,0.92,908,1.7763568394002505e-15
77.83,1.9,15,0.37,909,86.09492589958914
20.3,1.2,10,0.13,910,4.373972299294792
10.37,2.9,15,0.73,911,0.0
25.56,1.3,10,0.59,912,0.0
69.83,3.3,20,0.23,913,185.43034032705125
71.5,1.7,20,0.89,914,3.552713678800501e-15
51.64,5.6,10,0.34,915,103.04340127668233
39.05,5.4,20,0.31,916,69.36153717785467
52.73,1.6,20,0.45,917,1.617289644027911
44.94,1.9,5,0.36,918,12.54600751247142
67.68,3.6,5,0.48,919,56.05869116024812
32.79,4.3,20,0.4,920,1.7763568394002505e-15
99.62,5.2,15,0.29,921,444.09322675313257
84.66,3.5,5,0.32,922,132.5273679271077
30.7,2.6,15,0.76,923,0.0
12.97,4.3,20,0.39,924,0.0
99.85,1.6,20,0.87,925,3.600532584331931
82.4,2.4,5,0.29,926,115.40678110852419
44.02,4.3,5,0.79,927,4.440892098500626e-16
84.76,4.5,5,0.73,928,55.63632514140307
33.68,5.9,15,0.24,929,70.70470899844783
75.39,3.7,10,0.44,930,148.07179810767795
23.97,1.2,20,0.74,931,0.0
91.29,2.6,5,0.46,932,111.04048372932577
54.53,4.5,5,0.37,933,45.097353326858475
83.75,4.7,10,0.86,934,63.986247998535646
66.73,1.3,15,0.4,935,30.619876871014313
98.92,1.8,5,0.46,936,103.5845630312581
52.13,5.0,5,1.0,937,0.0
48.44,5.9,10,0.83,938,1.7763568394002505e-15
92.59,1.3,15,0.9,939,3.552713678800501e-15
55.44,5.2,5,0.53,940,15.915985567828555
69.66,4.8,20,0.89,941,0.0
81.73,4.1,20,0.22,942,322.95468775379646
39.78,2.1,5,0.91,943,4.440892098500626e-16
20.88,5.4,15,0.27,944,8.881784197001252e-16
57.95,3.6,5,0.13,945,99.42933301281666
95.77,4.0,5,0.32,946,166.4130258179627
88.06,4.9,15,0.94,947,59.396110753246546
83.16,1.2,15,0.81,948,0.0
23.26,4.3,15,0.33,949,8.881784197001252e-16
97.86,2.8,5,0.93,950,42.29389510320133
15.53,1.4,15,0.65,951,0.0
95.34,4.8,20,0.98,952,66.46661024094126
26.36,2.4,10,0.97,953,0.0
92.39,3.2,10,0.19,954,277.3719406790756
51.91,2.5,10,0.99,955,0.0
24.84,5.8,20,0.27,956,3.2824751729607464
80.32,1.4,20,0.54,957,24.488599713492164
79.96,4.3,5,0.45,958,97.7528347358755
81.7,1.3,10,0.88,959,0.0
56.89,3.1,10,0.23,960,119.52136115923669
54.76,2.8,20,0.5,961,14.827087735896294
47.9,5.9,10,0.8,962,1.7763568394002505e-15
53.48,5.5,20,0.89,963,3.552713678800501e-15
41.2,2.1,5,0.28,964,20.465627300932603
87.03,5.0,10,0.9,965,70.4703281636688
56.78,5.8,15,0.17,966,259.88145386691826
26.22,3.4,5,0.77,967,0.0
70.39,5.3,10,0.58,968,105.59766593451106
43.02,1.2,10,0.69,969,0.0
40.46,1.7,10,0.65,970,8.881784197001252e-16
91.5,4.8,10,0.61,971,191.3234452445171
56.4,2.2,5,0.48,972,18.894157104223034
19.34,2.5,20,0.57,973,8.881784197001252e-16
42.84,3.0,15,0.76,974,1.7763568394002505e-15
53.32,4.2,10,0.82,975,1.7763568394002505e-15
45.46,4.9,5,0.71,976,0.0
13.08,2.1,10,0.5,977,0.0
20.14,3.3,20,0.62,978,0.0
57.8,1.9,10,0.93,979,1.7763568394002505e-15
21.92,5.7,15,0.18,980,24.512987835942734
53.97,3.3,10,0.48,981,35.82361314478717
81.73,3.4,20,0.39,982,194.274361926319
28.89,1.2,15,0.95,983,0.0
12.3,3.4,20,0.72,984,0.0
11.83,5.5,20,0.3,985,0.0
51.63,3.0,15,0.8,986,1.7763568394002505e-15
64.4,4.5,10,0.77,987,5.508966394255756
96.21,3.1,10,0.69,988,127.57101190838019
73.08,3.8,5,0.86,989,8.881784197001252e-16
44.81,3.7,10,0.4,990,31.21020527374089
96.27,2.0,15,0.51,991,114.841893489464
84.08,4.2,5,0.19,992,160.78307409114734
78.46,5.4,20,0.23,993,391.9326070739718
47.43,4.7,5,0.75,994,0.0
17.58,4.4,5,0.14,995,2.220446049250313e-16
20.17,2.3,5,0.44,996,2.220446049250313e-16
70.83,1.9,5,0.15,997,100.08358045912988
37.42,3.8,10,0.71,998,0.0
49.88,3.3,5,0.29,999,45.784782062989194
