timestamp,cell_id,latitude,longitude,rainfall_mm,rainfall_rate_mm_hr
0,C001,13.0827,80.2707,0.0,0.0
0,C002,13.0827,80.2717,0.0,0.0
0,C003,13.0827,80.2727,0.0,0.0
0,C004,13.0827,80.2737,0.0,0.0
0,C005,13.0827,80.2747,0.0,0.0
0,C006,13.0827,80.2757,0.0,0.0
0,C007,13.0827,80.2767,0.0,0.0
0,C008,13.0827,80.2777,0.0,0.0
0,C009,13.0827,80.2787,0.0,0.0
0,C010,13.0827,80.2797,0.0,0.0
0,C011,13.0837,80.2707,0.0,0.0
0,C012,13.0837,80.2717,0.0,0.0
0,C013,13.0837,80.2727,0.0,0.0
0,C014,13.0837,80.2737,0.0,0.0
0,C015,13.0837,80.2747,0.0,0.0
0,C016,13.0837,80.2757,0.0,0.0
0,C017,13.0837,80.2767,0.0,0.0
0,C018,13.0837,80.2777,0.0,0.0
0,C019,13.0837,80.2787,0.0,0.0
0,C020,13.0837,80.2797,0.0,0.0
0,C021,13.0847,80.2707,0.0,0.0
0,C022,13.0847,80.2717,0.0,0.0
0,C023,13.0847,80.2727,0.0,0.0
0,C024,13.0847,80.2737,0.0,0.0
0,C025,13.0847,80.2747,0.0,0.0
0,C026,13.0847,80.2757,0.0,0.0
0,C027,13.0847,80.2767,0.0,0.0
0,C028,13.0847,80.2777,0.0,0.0
0,C029,13.0847,80.2787,0.0,0.0
0,C030,13.0847,80.2797,0.0,0.0
0,C031,13.0857,80.2707,0.0,0.0
0,C032,13.0857,80.2717,0.0,0.0
0,C033,13.0857,80.2727,0.0,0.0
0,C034,13.0857,80.2737,0.0,0.0
0,C035,13.0857,80.2747,0.0,0.0
0,C036,13.0857,80.2757,0.0,0.0
0,C037,13.0857,80.2767,0.0,0.0
0,C038,13.0857,80.2777,0.0,0.0
0,C039,13.0857,80.2787,0.0,0.0
0,C040,13.0857,80.2797,0.0,0.0
0,C041,13.0867,80.2707,0.0,0.0
0,C042,13.0867,80.2717,0.0,0.0
0,C043,13.0867,80.2727,0.0,0.0
0,C044,13.0867,80.2737,0.0,0.0
0,C045,13.0867,80.2747,0.0,0.0
0,C046,13.0867,80.2757,0.0,0.0
0,C047,13.0867,80.2767,0.0,0.0
0,C048,13.0867,80.2777,0.0,0.0
0,C049,13.0867,80.2787,0.0,0.0
0,C050,13.0867,80.2797,0.0,0.0
0,C051,13.0877,80.2707,0.0,0.0
0,C052,13.0877,80.2717,0.0,0.0
0,C053,13.0877,80.2727,0.0,0.0
0,C054,13.0877,80.2737,0.0,0.0
0,C055,13.0877,80.2747,0.0,0.0
0,C056,13.0877,80.2757,0.0,0.0
0,C057,13.0877,80.2767,0.0,0.0
0,C058,13.0877,80.2777,0.0,0.0
0,C059,13.0877,80.2787,0.0,0.0
0,C060,13.0877,80.2797,0.0,0.0
0,C061,13.0887,80.2707,0.0,0.0
0,C062,13.0887,80.2717,0.0,0.0
0,C063,13.0887,80.2727,0.0,0.0
0,C064,13.0887,80.2737,0.0,0.0
0,C065,13.0887,80.2747,0.0,0.0
0,C066,13.0887,80.2757,0.0,0.0
0,C067,13.0887,80.2767,0.0,0.0
0,C068,13.0887,80.2777,0.0,0.0
0,C069,13.0887,80.2787,0.0,0.0
0,C070,13.0887,80.2797,0.0,0.0
0,C071,13.0897,80.2707,0.0,0.0
0,C072,13.0897,80.2717,0.0,0.0
0,C073,13.0897,80.2727,0.0,0.0
0,C074,13.0897,80.2737,0.0,0.0
0,C075,13.0897,80.2747,0.0,0.0
0,C076,13.0897,80.2757,0.0,0.0
0,C077,13.0897,80.2767,0.0,0.0
0,C078,13.0897,80.2777,0.0,0.0
0,C079,13.0897,80.2787,0.0,0.0
0,C080,13.0897,80.2797,0.0,0.0
0,C081,13.0907,80.2707,0.0,0.0
0,C082,13.0907,80.2717,0.0,0.0
0,C083,13.0907,80.2727,0.0,0.0
0,C084,13.0907,80.2737,0.0,0.0
0,C085,13.0907,80.2747,0.0,0.0
0,C086,13.0907,80.2757,0.0,0.0
0,C087,13.0907,80.2767,0.0,0.0
0,C088,13.0907,80.2777,0.0,0.0
0,C089,13.0907,80.2787,0.0,0.0
0,C090,13.0907,80.2797,0.0,0.0
0,C091,13.0917,80.2707,0.0,0.0
0,C092,13.0917,80.2717,0.0,0.0
0,C093,13.0917,80.2727,0.0,0.0
0,C094,13.0917,80.2737,0.0,0.0
0,C095,13.0917,80.2747,0.0,0.0
0,C096,13.0917,80.2757,0.0,0.0
0,C097,13.0917,80.2767,0.0,0.0
0,C098,13.0917,80.2777,0.0,0.0
0,C099,13.0917,80.2787,0.0,0.0
0,C100,13.0917,80.2797,0.0,0.0
900,C001,13.0827,80.2707,2.9,11.6
900,C002,13.0827,80.2717,2.9,11.6
900,C003,13.0827,80.2727,2.9,11.6
900,C004,13.0827,80.2737,2.9,11.6
900,C005,13.0827,80.2747,2.9,11.6
900,C006,13.0827,80.2757,2.9,11.6
900,C007,13.0827,80.2767,2.9,11.6
900,C008,13.0827,80.2777,2.9,11.6
900,C009,13.0827,80.2787,2.9,11.6
900,C010,13.0827,80.2797,2.9,11.6
900,C011,13.0837,80.2707,2.9,11.6
900,C012,13.0837,80.2717,2.9,11.6
900,C013,13.0837,80.2727,2.9,11.6
900,C014,13.0837,80.2737,2.9,11.6
900,C015,13.0837,80.2747,2.9,11.6
900,C016,13.0837,80.2757,2.9,11.6
900,C017,13.0837,80.2767,2.9,11.6
900,C018,13.0837,80.2777,2.9,11.6
900,C019,13.0837,80.2787,2.9,11.6
900,C020,13.0837,80.2797,2.9,11.6
900,C021,13.0847,80.2707,2.9,11.6
900,C022,13.0847,80.2717,2.9,11.6
900,C023,13.0847,80.2727,2.9,11.6
900,C024,13.0847,80.2737,2.9,11.6
900,C025,13.0847,80.2747,2.9,11.6
900,C026,13.0847,80.2757,2.9,11.6
900,C027,13.0847,80.2767,2.9,11.6
900,C028,13.0847,80.2777,2.9,11.6
900,C029,13.0847,80.2787,2.9,11.6
900,C030,13.0847,80.2797,2.9,11.6
900,C031,13.0857,80.2707,2.9,11.6
900,C032,13.0857,80.2717,2.9,11.6
900,C033,13.0857,80.2727,2.9,11.6
900,C034,13.0857,80.2737,2.9,11.6
900,C035,13.0857,80.2747,2.9,11.6
900,C036,13.0857,80.2757,2.9,11.6
900,C037,13.0857,80.2767,2.9,11.6
900,C038,13.0857,80.2777,2.9,11.6
900,C039,13.0857,80.2787,2.9,11.6
900,C040,13.0857,80.2797,2.9,11.6
900,C041,13.0867,80.2707,2.9,11.6
900,C042,13.0867,80.2717,2.9,11.6
900,C043,13.0867,80.2727,2.9,11.6
900,C044,13.0867,80.2737,2.9,11.6
900,C045,13.0867,80.2747,2.9,11.6
900,C046,13.0867,80.2757,2.9,11.6
900,C047,13.0867,80.2767,2.9,11.6
900,C048,13.0867,80.2777,2.9,11.6
900,C049,13.0867,80.2787,2.9,11.6
900,C050,13.0867,80.2797,2.9,11.6
900,C051,13.0877,80.2707,2.9,11.6
900,C052,13.0877,80.2717,2.9,11.6
900,C053,13.0877,80.2727,2.9,11.6
900,C054,13.0877,80.2737,2.9,11.6
900,C055,13.0877,80.2747,2.9,11.6
900,C056,13.0877,80.2757,2.9,11.6
900,C057,13.0877,80.2767,2.9,11.6
900,C058,13.0877,80.2777,2.9,11.6
900,C059,13.0877,80.2787,2.9,11.6
900,C060,13.0877,80.2797,2.9,11.6
900,C061,13.0887,80.2707,2.9,11.6
900,C062,13.0887,80.2717,2.9,11.6
900,C063,13.0887,80.2727,2.9,11.6
900,C064,13.0887,80.2737,2.9,11.6
900,C065,13.0887,80.2747,2.9,11.6
900,C066,13.0887,80.2757,2.9,11.6
900,C067,13.0887,80.2767,2.9,11.6
900,C068,13.0887,80.2777,2.9,11.6
900,C069,13.0887,80.2787,2.9,11.6
900,C070,13.0887,80.2797,2.9,11.6
900,C071,13.0897,80.2707,2.9,11.6
900,C072,13.0897,80.2717,2.9,11.6
900,C073,13.0897,80.2727,2.9,11.6
900,C074,13.0897,80.2737,2.9,11.6
900,C075,13.0897,80.2747,2.9,11.6
900,C076,13.0897,80.2757,2.9,11.6
900,C077,13.0897,80.2767,2.9,11.6
900,C078,13.0897,80.2777,2.9,11.6
900,C079,13.0897,80.2787,2.9,11.6
900,C080,13.0897,80.2797,2.9,11.6
900,C081,13.0907,80.2707,2.9,11.6
900,C082,13.0907,80.2717,2.9,11.6
900,C083,13.0907,80.2727,2.9,11.6
900,C084,13.0907,80.2737,2.9,11.6
900,C085,13.0907,80.2747,2.9,11.6
900,C086,13.0907,80.2757,2.9,11.6
900,C087,13.0907,80.2767,2.9,11.6
900,C088,13.0907,80.2777,2.9,11.6
900,C089,13.0907,80.2787,2.9,11.6
900,C090,13.0907,80.2797,2.9,11.6
900,C091,13.0917,80.2707,2.9,11.6
900,C092,13.0917,80.2717,2.9,11.6
900,C093,13.0917,80.2727,2.9,11.6
900,C094,13.0917,80.2737,2.9,11.6
900,C095,13.0917,80.2747,2.9,11.6
900,C096,13.0917,80.2757,2.9,11.6
900,C097,13.0917,80.2767,2.9,11.6
900,C098,13.0917,80.2777,2.9,11.6
900,C099,13.0917,80.2787,2.9,11.6
900,C100,13.0917,80.2797,2.9,11.6
1800,C001,13.0827,80.2707,5.62,22.5
1800,C002,13.0827,80.2717,5.62,22.5
1800,C003,13.0827,80.2727,5.62,22.5
1800,C004,13.0827,80.2737,5.62,22.5
1800,C005,13.0827,80.2747,5.62,22.5
1800,C006,13.0827,80.2757,5.62,22.5
1800,C007,13.0827,80.2767,5.62,22.5
1800,C008,13.0827,80.2777,5.62,22.5
1800,C009,13.0827,80.2787,5.62,22.5
1800,C010,13.0827,80.2797,5.62,22.5
1800,C011,13.0837,80.2707,5.62,22.5
1800,C012,13.0837,80.2717,5.62,22.5
1800,C013,13.0837,80.2727,5.62,22.5
1800,C014,13.0837,80.2737,5.62,22.5
1800,C015,13.0837,80.2747,5.62,22.5
1800,C016,13.0837,80.2757,5.62,22.5
1800,C017,13.0837,80.2767,5.62,22.5
1800,C018,13.0837,80.2777,5.62,22.5
1800,C019,13.0837,80.2787,5.62,22.5
1800,C020,13.0837,80.2797,5.62,22.5
1800,C021,13.0847,80.2707,5.62,22.5
1800,C022,13.0847,80.2717,5.62,22.5
1800,C023,13.0847,80.2727,5.62,22.5
1800,C024,13.0847,80.2737,5.62,22.5
1800,C025,13.0847,80.2747,5.62,22.5
1800,C026,13.0847,80.2757,5.62,22.5
1800,C027,13.0847,80.2767,5.62,22.5
1800,C028,13.0847,80.2777,5.62,22.5
1800,C029,13.0847,80.2787,5.62,22.5
1800,C030,13.0847,80.2797,5.62,22.5
1800,C031,13.0857,80.2707,5.62,22.5
1800,C032,13.0857,80.2717,5.62,22.5
1800,C033,13.0857,80.2727,5.62,22.5
1800,C034,13.0857,80.2737,5.62,22.5
1800,C035,13.0857,80.2747,5.62,22.5
1800,C036,13.0857,80.2757,5.62,22.5
1800,C037,13.0857,80.2767,5.62,22.5
1800,C038,13.0857,80.2777,5.62,22.5
1800,C039,13.0857,80.2787,5.62,22.5
1800,C040,13.0857,80.2797,5.62,22.5
1800,C041,13.0867,80.2707,5.62,22.5
1800,C042,13.0867,80.2717,5.62,22.5
1800,C043,13.0867,80.2727,5.62,22.5
1800,C044,13.0867,80.2737,5.62,22.5
1800,C045,13.0867,80.2747,5.62,22.5
1800,C046,13.0867,80.2757,5.62,22.5
1800,C047,13.0867,80.2767,5.62,22.5
1800,C048,13.0867,80.2777,5.62,22.5
1800,C049,13.0867,80.2787,5.62,22.5
1800,C050,13.0867,80.2797,5.62,22.5
1800,C051,13.0877,80.2707,5.62,22.5
1800,C052,13.0877,80.2717,5.62,22.5
1800,C053,13.0877,80.2727,5.62,22.5
1800,C054,13.0877,80.2737,5.62,22.5
1800,C055,13.0877,80.2747,5.62,22.5
1800,C056,13.0877,80.2757,5.62,22.5
1800,C057,13.0877,80.2767,5.62,22.5
1800,C058,13.0877,80.2777,5.62,22.5
1800,C059,13.0877,80.2787,5.62,22.5
1800,C060,13.0877,80.2797,5.62,22.5
1800,C061,13.0887,80.2707,5.62,22.5
1800,C062,13.0887,80.2717,5.62,22.5
1800,C063,13.0887,80.2727,5.62,22.5
1800,C064,13.0887,80.2737,5.62,22.5
1800,C065,13.0887,80.2747,5.62,22.5
1800,C066,13.0887,80.2757,5.62,22.5
1800,C067,13.0887,80.2767,5.62,22.5
1800,C068,13.0887,80.2777,5.62,22.5
1800,C069,13.0887,80.2787,5.62,22.5
1800,C070,13.0887,80.2797,5.62,22.5
1800,C071,13.0897,80.2707,5.62,22.5
1800,C072,13.0897,80.2717,5.62,22.5
1800,C073,13.0897,80.2727,5.62,22.5
1800,C074,13.0897,80.2737,5.62,22.5
1800,C075,13.0897,80.2747,5.62,22.5
1800,C076,13.0897,80.2757,5.62,22.5
1800,C077,13.0897,80.2767,5.62,22.5
1800,C078,13.0897,80.2777,5.62,22.5
1800,C079,13.0897,80.2787,5.62,22.5
1800,C080,13.0897,80.2797,5.62,22.5
1800,C081,13.0907,80.2707,5.62,22.5
1800,C082,13.0907,80.2717,5.62,22.5
1800,C083,13.0907,80.2727,5.62,22.5
1800,C084,13.0907,80.2737,5.62,22.5
1800,C085,13.0907,80.2747,5.62,22.5
1800,C086,13.0907,80.2757,5.62,22.5
1800,C087,13.0907,80.2767,5.62,22.5
1800,C088,13.0907,80.2777,5.62,22.5
1800,C089,13.0907,80.2787,5.62,22.5
1800,C090,13.0907,80.2797,5.62,22.5
1800,C091,13.0917,80.2707,5.62,22.5
1800,C092,13.0917,80.2717,5.62,22.5
1800,C093,13.0917,80.2727,5.62,22.5
1800,C094,13.0917,80.2737,5.62,22.5
1800,C095,13.0917,80.2747,5.62,22.5
1800,C096,13.0917,80.2757,5.62,22.5
1800,C097,13.0917,80.2767,5.62,22.5
1800,C098,13.0917,80.2777,5.62,22.5
1800,C099,13.0917,80.2787,5.62,22.5
1800,C100,13.0917,80.2797,5.62,22.5
2700,C001,13.0827,80.2707,7.95,31.8
2700,C002,13.0827,80.2717,7.95,31.8
2700,C003,13.0827,80.2727,7.95,31.8
2700,C004,13.0827,80.2737,7.95,31.8
2700,C005,13.0827,80.2747,7.95,31.8
2700,C006,13.0827,80.2757,7.95,31.8
2700,C007,13.0827,80.2767,7.95,31.8
2700,C008,13.0827,80.2777,7.95,31.8
2700,C009,13.0827,80.2787,7.95,31.8
2700,C010,13.0827,80.2797,7.95,31.8
2700,C011,13.0837,80.2707,7.95,31.8
2700,C012,13.0837,80.2717,7.95,31.8
2700,C013,13.0837,80.2727,7.95,31.8
2700,C014,13.0837,80.2737,7.95,31.8
2700,C015,13.0837,80.2747,7.95,31.8
2700,C016,13.0837,80.2757,7.95,31.8
2700,C017,13.0837,80.2767,7.95,31.8
2700,C018,13.0837,80.2777,7.95,31.8
2700,C019,13.0837,80.2787,7.95,31.8
2700,C020,13.0837,80.2797,7.95,31.8
2700,C021,13.0847,80.2707,7.95,31.8
2700,C022,13.0847,80.2717,7.95,31.8
2700,C023,13.0847,80.2727,7.95,31.8
2700,C024,13.0847,80.2737,7.95,31.8
2700,C025,13.0847,80.2747,7.95,31.8
2700,C026,13.0847,80.2757,7.95,31.8
2700,C027,13.0847,80.2767,7.95,31.8
2700,C028,13.0847,80.2777,7.95,31.8
2700,C029,13.0847,80.2787,7.95,31.8
2700,C030,13.0847,80.2797,7.95,31.8
2700,C031,13.0857,80.2707,7.95,31.8
2700,C032,13.0857,80.2717,7.95,31.8
2700,C033,13.0857,80.2727,7.95,31.8
2700,C034,13.0857,80.2737,7.95,31.8
2700,C035,13.0857,80.2747,7.95,31.8
2700,C036,13.0857,80.2757,7.95,31.8
2700,C037,13.0857,80.2767,7.95,31.8
2700,C038,13.0857,80.2777,7.95,31.8
2700,C039,13.0857,80.2787,7.95,31.8
2700,C040,13.0857,80.2797,7.95,31.8
2700,C041,13.0867,80.2707,7.95,31.8
2700,C042,13.0867,80.2717,7.95,31.8
2700,C043,13.0867,80.2727,7.95,31.8
2700,C044,13.0867,80.2737,7.95,31.8
2700,C045,13.0867,80.2747,7.95,31.8
2700,C046,13.0867,80.2757,7.95,31.8
2700,C047,13.0867,80.2767,7.95,31.8
2700,C048,13.0867,80.2777,7.95,31.8
2700,C049,13.0867,80.2787,7.95,31.8
2700,C050,13.0867,80.2797,7.95,31.8
2700,C051,13.0877,80.2707,7.95,31.8
2700,C052,13.0877,80.2717,7.95,31.8
2700,C053,13.0877,80.2727,7.95,31.8
2700,C054,13.0877,80.2737,7.95,31.8
2700,C055,13.0877,80.2747,7.95,31.8
2700,C056,13.0877,80.2757,7.95,31.8
2700,C057,13.0877,80.2767,7.95,31.8
2700,C058,13.0877,80.2777,7.95,31.8
2700,C059,13.0877,80.2787,7.95,31.8
2700,C060,13.0877,80.2797,7.95,31.8
2700,C061,13.0887,80.2707,7.95,31.8
2700,C062,13.0887,80.2717,7.95,31.8
2700,C063,13.0887,80.2727,7.95,31.8
2700,C064,13.0887,80.2737,7.95,31.8
2700,C065,13.0887,80.2747,7.95,31.8
2700,C066,13.0887,80.2757,7.95,31.8
2700,C067,13.0887,80.2767,7.95,31.8
2700,C068,13.0887,80.2777,7.95,31.8
2700,C069,13.0887,80.2787,7.95,31.8
2700,C070,13.0887,80.2797,7.95,31.8
2700,C071,13.0897,80.2707,7.95,31.8
2700,C072,13.0897,80.2717,7.95,31.8
2700,C073,13.0897,80.2727,7.95,31.8
2700,C074,13.0897,80.2737,7.95,31.8
2700,C075,13.0897,80.2747,7.95,31.8
2700,C076,13.0897,80.2757,7.95,31.8
2700,C077,13.0897,80.2767,7.95,31.8
2700,C078,13.0897,80.2777,7.95,31.8
2700,C079,13.0897,80.2787,7.95,31.8
2700,C080,13.0897,80.2797,7.95,31.8
2700,C081,13.0907,80.2707,7.95,31.8
2700,C082,13.0907,80.2717,7.95,31.8
2700,C083,13.0907,80.2727,7.95,31.8
2700,C084,13.0907,80.2737,7.95,31.8
2700,C085,13.0907,80.2747,7.95,31.8
2700,C086,13.0907,80.2757,7.95,31.8
2700,C087,13.0907,80.2767,7.95,31.8
2700,C088,13.0907,80.2777,7.95,31.8
2700,C089,13.0907,80.2787,7.95,31.8
2700,C090,13.0907,80.2797,7.95,31.8
2700,C091,13.0917,80.2707,7.95,31.8
2700,C092,13.0917,80.2717,7.95,31.8
2700,C093,13.0917,80.2727,7.95,31.8
2700,C094,13.0917,80.2737,7.95,31.8
2700,C095,13.0917,80.2747,7.95,31.8
2700,C096,13.0917,80.2757,7.95,31.8
2700,C097,13.0917,80.2767,7.95,31.8
2700,C098,13.0917,80.2777,7.95,31.8
2700,C099,13.0917,80.2787,7.95,31.8
2700,C100,13.0917,80.2797,7.95,31.8
3600,C001,13.0827,80.2707,9.75,39.0
3600,C002,13.0827,80.2717,9.75,39.0
3600,C003,13.0827,80.2727,9.75,39.0
3600,C004,13.0827,80.2737,9.75,39.0
3600,C005,13.0827,80.2747,9.75,39.0
3600,C006,13.0827,80.2757,9.75,39.0
3600,C007,13.0827,80.2767,9.75,39.0
3600,C008,13.0827,80.2777,9.75,39.0
3600,C009,13.0827,80.2787,9.75,39.0
3600,C010,13.0827,80.2797,9.75,39.0
3600,C011,13.0837,80.2707,9.75,39.0
3600,C012,13.0837,80.2717,9.75,39.0
3600,C013,13.0837,80.2727,9.75,39.0
3600,C014,13.0837,80.2737,9.75,39.0
3600,C015,13.0837,80.2747,9.75,39.0
3600,C016,13.0837,80.2757,9.75,39.0
3600,C017,13.0837,80.2767,9.75,39.0
3600,C018,13.0837,80.2777,9.75,39.0
3600,C019,13.0837,80.2787,9.75,39.0
3600,C020,13.0837,80.2797,9.75,39.0
3600,C021,13.0847,80.2707,9.75,39.0
3600,C022,13.0847,80.2717,9.75,39.0
3600,C023,13.0847,80.2727,9.75,39.0
3600,C024,13.0847,80.2737,9.75,39.0
3600,C025,13.0847,80.2747,9.75,39.0
3600,C026,13.0847,80.2757,9.75,39.0
3600,C027,13.0847,80.2767,9.75,39.0
3600,C028,13.0847,80.2777,9.75,39.0
3600,C029,13.0847,80.2787,9.75,39.0
3600,C030,13.0847,80.2797,9.75,39.0
3600,C031,13.0857,80.2707,9.75,39.0
3600,C032,13.0857,80.2717,9.75,39.0
3600,C033,13.0857,80.2727,9.75,39.0
3600,C034,13.0857,80.2737,9.75,39.0
3600,C035,13.0857,80.2747,9.75,39.0
3600,C036,13.0857,80.2757,9.75,39.0
3600,C037,13.0857,80.2767,9.75,39.0
3600,C038,13.0857,80.2777,9.75,39.0
3600,C039,13.0857,80.2787,9.75,39.0
3600,C040,13.0857,80.2797,9.75,39.0
3600,C041,13.0867,80.2707,9.75,39.0
3600,C042,13.0867,80.2717,9.75,39.0
3600,C043,13.0867,80.2727,9.75,39.0
3600,C044,13.0867,80.2737,9.75,39.0
3600,C045,13.0867,80.2747,9.75,39.0
3600,C046,13.0867,80.2757,9.75,39.0
3600,C047,13.0867,80.2767,9.75,39.0
3600,C048,13.0867,80.2777,9.75,39.0
3600,C049,13.0867,80.2787,9.75,39.0
3600,C050,13.0867,80.2797,9.75,39.0
3600,C051,13.0877,80.2707,9.75,39.0
3600,C052,13.0877,80.2717,9.75,39.0
3600,C053,13.0877,80.2727,9.75,39.0
3600,C054,13.0877,80.2737,9.75,39.0
3600,C055,13.0877,80.2747,9.75,39.0
3600,C056,13.0877,80.2757,9.75,39.0
3600,C057,13.0877,80.2767,9.75,39.0
3600,C058,13.0877,80.2777,9.75,39.0
3600,C059,13.0877,80.2787,9.75,39.0
3600,C060,13.0877,80.2797,9.75,39.0
3600,C061,13.0887,80.2707,9.75,39.0
3600,C062,13.0887,80.2717,9.75,39.0
3600,C063,13.0887,80.2727,9.75,39.0
3600,C064,13.0887,80.2737,9.75,39.0
3600,C065,13.0887,80.2747,9.75,39.0
3600,C066,13.0887,80.2757,9.75,39.0
3600,C067,13.0887,80.2767,9.75,39.0
3600,C068,13.0887,80.2777,9.75,39.0
3600,C069,13.0887,80.2787,9.75,39.0
3600,C070,13.0887,80.2797,9.75,39.0
3600,C071,13.0897,80.2707,9.75,39.0
3600,C072,13.0897,80.2717,9.75,39.0
3600,C073,13.0897,80.2727,9.75,39.0
3600,C074,13.0897,80.2737,9.75,39.0
3600,C075,13.0897,80.2747,9.75,39.0
3600,C076,13.0897,80.2757,9.75,39.0
3600,C077,13.0897,80.2767,9.75,39.0
3600,C078,13.0897,80.2777,9.75,39.0
3600,C079,13.0897,80.2787,9.75,39.0
3600,C080,13.0897,80.2797,9.75,39.0
3600,C081,13.0907,80.2707,9.75,39.0
3600,C082,13.0907,80.2717,9.75,39.0
3600,C083,13.0907,80.2727,9.75,39.0
3600,C084,13.0907,80.2737,9.75,39.0
3600,C085,13.0907,80.2747,9.75,39.0
3600,C086,13.0907,80.2757,9.75,39.0
3600,C087,13.0907,80.2767,9.75,39.0
3600,C088,13.0907,80.2777,9.75,39.0
3600,C089,13.0907,80.2787,9.75,39.0
3600,C090,13.0907,80.2797,9.75,39.0
3600,C091,13.0917,80.2707,9.75,39.0
3600,C092,13.0917,80.2717,9.75,39.0
3600,C093,13.0917,80.2727,9.75,39.0
3600,C094,13.0917,80.2737,9.75,39.0
3600,C095,13.0917,80.2747,9.75,39.0
3600,C096,13.0917,80.2757,9.75,39.0
3600,C097,13.0917,80.2767,9.75,39.0
3600,C098,13.0917,80.2777,9.75,39.0
3600,C099,13.0917,80.2787,9.75,39.0
3600,C100,13.0917,80.2797,9.75,39.0
4500,C001,13.0827,80.2707,10.88,43.5
4500,C002,13.0827,80.2717,10.88,43.5
4500,C003,13.0827,80.2727,10.88,43.5
4500,C004,13.0827,80.2737,10.88,43.5
4500,C005,13.0827,80.2747,10.88,43.5
4500,C006,13.0827,80.2757,10.88,43.5
4500,C007,13.0827,80.2767,10.88,43.5
4500,C008,13.0827,80.2777,10.88,43.5
4500,C009,13.0827,80.2787,10.88,43.5
4500,C010,13.0827,80.2797,10.88,43.5
4500,C011,13.0837,80.2707,10.88,43.5
4500,C012,13.0837,80.2717,10.88,43.5
4500,C013,13.0837,80.2727,10.88,43.5
4500,C014,13.0837,80.2737,10.88,43.5
4500,C015,13.0837,80.2747,10.88,43.5
4500,C016,13.0837,80.2757,10.88,43.5
4500,C017,13.0837,80.2767,10.88,43.5
4500,C018,13.0837,80.2777,10.88,43.5
4500,C019,13.0837,80.2787,10.88,43.5
4500,C020,13.0837,80.2797,10.88,43.5
4500,C021,13.0847,80.2707,10.88,43.5
4500,C022,13.0847,80.2717,10.88,43.5
4500,C023,13.0847,80.2727,10.88,43.5
4500,C024,13.0847,80.2737,10.88,43.5
4500,C025,13.0847,80.2747,10.88,43.5
4500,C026,13.0847,80.2757,10.88,43.5
4500,C027,13.0847,80.2767,10.88,43.5
4500,C028,13.0847,80.2777,10.88,43.5
4500,C029,13.0847,80.2787,10.88,43.5
4500,C030,13.0847,80.2797,10.88,43.5
4500,C031,13.0857,80.2707,10.88,43.5
4500,C032,13.0857,80.2717,10.88,43.5
4500,C033,13.0857,80.2727,10.88,43.5
4500,C034,13.0857,80.2737,10.88,43.5
4500,C035,13.0857,80.2747,10.88,43.5
4500,C036,13.0857,80.2757,10.88,43.5
4500,C037,13.0857,80.2767,10.88,43.5
4500,C038,13.0857,80.2777,10.88,43.5
4500,C039,13.0857,80.2787,10.88,43.5
4500,C040,13.0857,80.2797,10.88,43.5
4500,C041,13.0867,80.2707,10.88,43.5
4500,C042,13.0867,80.2717,10.88,43.5
4500,C043,13.0867,80.2727,10.88,43.5
4500,C044,13.0867,80.2737,10.88,43.5
4500,C045,13.0867,80.2747,10.88,43.5
4500,C046,13.0867,80.2757,10.88,43.5
4500,C047,13.0867,80.2767,10.88,43.5
4500,C048,13.0867,80.2777,10.88,43.5
4500,C049,13.0867,80.2787,10.88,43.5
4500,C050,13.0867,80.2797,10.88,43.5
4500,C051,13.0877,80.2707,10.88,43.5
4500,C052,13.0877,80.2717,10.88,43.5
4500,C053,13.0877,80.2727,10.88,43.5
4500,C054,13.0877,80.2737,10.88,43.5
4500,C055,13.0877,80.2747,10.88,43.5
4500,C056,13.0877,80.2757,10.88,43.5
4500,C057,13.0877,80.2767,10.88,43.5
4500,C058,13.0877,80.2777,10.88,43.5
4500,C059,13.0877,80.2787,10.88,43.5
4500,C060,13.0877,80.2797,10.88,43.5
4500,C061,13.0887,80.2707,10.88,43.5
4500,C062,13.0887,80.2717,10.88,43.5
4500,C063,13.0887,80.2727,10.88,43.5
4500,C064,13.0887,80.2737,10.88,43.5
4500,C065,13.0887,80.2747,10.88,43.5
4500,C066,13.0887,80.2757,10.88,43.5
4500,C067,13.0887,80.2767,10.88,43.5
4500,C068,13.0887,80.2777,10.88,43.5
4500,C069,13.0887,80.2787,10.88,43.5
4500,C070,13.0887,80.2797,10.88,43.5
4500,C071,13.0897,80.2707,10.88,43.5
4500,C072,13.0897,80.2717,10.88,43.5
4500,C073,13.0897,80.2727,10.88,43.5
4500,C074,13.0897,80.2737,10.88,43.5
4500,C075,13.0897,80.2747,10.88,43.5
4500,C076,13.0897,80.2757,10.88,43.5
4500,C077,13.0897,80.2767,10.88,43.5
4500,C078,13.0897,80.2777,10.88,43.5
4500,C079,13.0897,80.2787,10.88,43.5
4500,C080,13.0897,80.2797,10.88,43.5
4500,C081,13.0907,80.2707,10.88,43.5
4500,C082,13.0907,80.2717,10.88,43.5
4500,C083,13.0907,80.2727,10.88,43.5
4500,C084,13.0907,80.2737,10.88,43.5
4500,C085,13.0907,80.2747,10.88,43.5
4500,C086,13.0907,80.2757,10.88,43.5
4500,C087,13.0907,80.2767,10.88,43.5
4500,C088,13.0907,80.2777,10.88,43.5
4500,C089,13.0907,80.2787,10.88,43.5
4500,C090,13.0907,80.2797,10.88,43.5
4500,C091,13.0917,80.2707,10.88,43.5
4500,C092,13.0917,80.2717,10.88,43.5
4500,C093,13.0917,80.2727,10.88,43.5
4500,C094,13.0917,80.2737,10.88,43.5
4500,C095,13.0917,80.2747,10.88,43.5
4500,C096,13.0917,80.2757,10.88,43.5
4500,C097,13.0917,80.2767,10.88,43.5
4500,C098,13.0917,80.2777,10.88,43.5
4500,C099,13.0917,80.2787,10.88,43.5
4500,C100,13.0917,80.2797,10.88,43.5
5400,C001,13.0827,80.2707,11.25,45.0
5400,C002,13.0827,80.2717,11.25,45.0
5400,C003,13.0827,80.2727,11.25,45.0
5400,C004,13.0827,80.2737,11.25,45.0
5400,C005,13.0827,80.2747,11.25,45.0
5400,C006,13.0827,80.2757,11.25,45.0
5400,C007,13.0827,80.2767,11.25,45.0
5400,C008,13.0827,80.2777,11.25,45.0
5400,C009,13.0827,80.2787,11.25,45.0
5400,C010,13.0827,80.2797,11.25,45.0
5400,C011,13.0837,80.2707,11.25,45.0
5400,C012,13.0837,80.2717,11.25,45.0
5400,C013,13.0837,80.2727,11.25,45.0
5400,C014,13.0837,80.2737,11.25,45.0
5400,C015,13.0837,80.2747,11.25,45.0
5400,C016,13.0837,80.2757,11.25,45.0
5400,C017,13.0837,80.2767,11.25,45.0
5400,C018,13.0837,80.2777,11.25,45.0
5400,C019,13.0837,80.2787,11.25,45.0
5400,C020,13.0837,80.2797,11.25,45.0
5400,C021,13.0847,80.2707,11.25,45.0
5400,C022,13.0847,80.2717,11.25,45.0
5400,C023,13.0847,80.2727,11.25,45.0
5400,C024,13.0847,80.2737,11.25,45.0
5400,C025,13.0847,80.2747,11.25,45.0
5400,C026,13.0847,80.2757,11.25,45.0
5400,C027,13.0847,80.2767,11.25,45.0
5400,C028,13.0847,80.2777,11.25,45.0
5400,C029,13.0847,80.2787,11.25,45.0
5400,C030,13.0847,80.2797,11.25,45.0
5400,C031,13.0857,80.2707,11.25,45.0
5400,C032,13.0857,80.2717,11.25,45.0
5400,C033,13.0857,80.2727,11.25,45.0
5400,C034,13.0857,80.2737,11.25,45.0
5400,C035,13.0857,80.2747,11.25,45.0
5400,C036,13.0857,80.2757,11.25,45.0
5400,C037,13.0857,80.2767,11.25,45.0
5400,C038,13.0857,80.2777,11.25,45.0
5400,C039,13.0857,80.2787,11.25,45.0
5400,C040,13.0857,80.2797,11.25,45.0
5400,C041,13.0867,80.2707,11.25,45.0
5400,C042,13.0867,80.2717,11.25,45.0
5400,C043,13.0867,80.2727,11.25,45.0
5400,C044,13.0867,80.2737,11.25,45.0
5400,C045,13.0867,80.2747,11.25,45.0
5400,C046,13.0867,80.2757,11.25,45.0
5400,C047,13.0867,80.2767,11.25,45.0
5400,C048,13.0867,80.2777,11.25,45.0
5400,C049,13.0867,80.2787,11.25,45.0
5400,C050,13.0867,80.2797,11.25,45.0
5400,C051,13.0877,80.2707,11.25,45.0
5400,C052,13.0877,80.2717,11.25,45.0
5400,C053,13.0877,80.2727,11.25,45.0
5400,C054,13.0877,80.2737,11.25,45.0
5400,C055,13.0877,80.2747,11.25,45.0
5400,C056,13.0877,80.2757,11.25,45.0
5400,C057,13.0877,80.2767,11.25,45.0
5400,C058,13.0877,80.2777,11.25,45.0
5400,C059,13.0877,80.2787,11.25,45.0
5400,C060,13.0877,80.2797,11.25,45.0
5400,C061,13.0887,80.2707,11.25,45.0
5400,C062,13.0887,80.2717,11.25,45.0
5400,C063,13.0887,80.2727,11.25,45.0
5400,C064,13.0887,80.2737,11.25,45.0
5400,C065,13.0887,80.2747,11.25,45.0
5400,C066,13.0887,80.2757,11.25,45.0
5400,C067,13.0887,80.2767,11.25,45.0
5400,C068,13.0887,80.2777,11.25,45.0
5400,C069,13.0887,80.2787,11.25,45.0
5400,C070,13.0887,80.2797,11.25,45.0
5400,C071,13.0897,80.2707,11.25,45.0
5400,C072,13.0897,80.2717,11.25,45.0
5400,C073,13.0897,80.2727,11.25,45.0
5400,C074,13.0897,80.2737,11.25,45.0
5400,C075,13.0897,80.2747,11.25,45.0
5400,C076,13.0897,80.2757,11.25,45.0
5400,C077,13.0897,80.2767,11.25,45.0
5400,C078,13.0897,80.2777,11.25,45.0
5400,C079,13.0897,80.2787,11.25,45.0
5400,C080,13.0897,80.2797,11.25,45.0
5400,C081,13.0907,80.2707,11.25,45.0
5400,C082,13.0907,80.2717,11.25,45.0
5400,C083,13.0907,80.2727,11.25,45.0
5400,C084,13.0907,80.2737,11.25,45.0
5400,C085,13.0907,80.2747,11.25,45.0
5400,C086,13.0907,80.2757,11.25,45.0
5400,C087,13.0907,80.2767,11.25,45.0
5400,C088,13.0907,80.2777,11.25,45.0
5400,C089,13.0907,80.2787,11.25,45.0
5400,C090,13.0907,80.2797,11.25,45.0
5400,C091,13.0917,80.2707,11.25,45.0
5400,C092,13.0917,80.2717,11.25,45.0
5400,C093,13.0917,80.2727,11.25,45.0
5400,C094,13.0917,80.2737,11.25,45.0
5400,C095,13.0917,80.2747,11.25,45.0
5400,C096,13.0917,80.2757,11.25,45.0
5400,C097,13.0917,80.2767,11.25,45.0
5400,C098,13.0917,80.2777,11.25,45.0
5400,C099,13.0917,80.2787,11.25,45.0
5400,C100,13.0917,80.2797,11.25,45.0
6300,C001,13.0827,80.2707,10.88,43.5
6300,C002,13.0827,80.2717,10.88,43.5
6300,C003,13.0827,80.2727,10.88,43.5
6300,C004,13.0827,80.2737,10.88,43.5
6300,C005,13.0827,80.2747,10.88,43.5
6300,C006,13.0827,80.2757,10.88,43.5
6300,C007,13.0827,80.2767,10.88,43.5
6300,C008,13.0827,80.2777,10.88,43.5
6300,C009,13.0827,80.2787,10.88,43.5
6300,C010,13.0827,80.2797,10.88,43.5
6300,C011,13.0837,80.2707,10.88,43.5
6300,C012,13.0837,80.2717,10.88,43.5
6300,C013,13.0837,80.2727,10.88,43.5
6300,C014,13.0837,80.2737,10.88,43.5
6300,C015,13.0837,80.2747,10.88,43.5
6300,C016,13.0837,80.2757,10.88,43.5
6300,C017,13.0837,80.2767,10.88,43.5
6300,C018,13.0837,80.2777,10.88,43.5
6300,C019,13.0837,80.2787,10.88,43.5
6300,C020,13.0837,80.2797,10.88,43.5
6300,C021,13.0847,80.2707,10.88,43.5
6300,C022,13.0847,80.2717,10.88,43.5
6300,C023,13.0847,80.2727,10.88,43.5
6300,C024,13.0847,80.2737,10.88,43.5
6300,C025,13.0847,80.2747,10.88,43.5
6300,C026,13.0847,80.2757,10.88,43.5
6300,C027,13.0847,80.2767,10.88,43.5
6300,C028,13.0847,80.2777,10.88,43.5
6300,C029,13.0847,80.2787,10.88,43.5
6300,C030,13.0847,80.2797,10.88,43.5
6300,C031,13.0857,80.2707,10.88,43.5
6300,C032,13.0857,80.2717,10.88,43.5
6300,C033,13.0857,80.2727,10.88,43.5
6300,C034,13.0857,80.2737,10.88,43.5
6300,C035,13.0857,80.2747,10.88,43.5
6300,C036,13.0857,80.2757,10.88,43.5
6300,C037,13.0857,80.2767,10.88,43.5
6300,C038,13.0857,80.2777,10.88,43.5
6300,C039,13.0857,80.2787,10.88,43.5
6300,C040,13.0857,80.2797,10.88,43.5
6300,C041,13.0867,80.2707,10.88,43.5
6300,C042,13.0867,80.2717,10.88,43.5
6300,C043,13.0867,80.2727,10.88,43.5
6300,C044,13.0867,80.2737,10.88,43.5
6300,C045,13.0867,80.2747,10.88,43.5
6300,C046,13.0867,80.2757,10.88,43.5
6300,C047,13.0867,80.2767,10.88,43.5
6300,C048,13.0867,80.2777,10.88,43.5
6300,C049,13.0867,80.2787,10.88,43.5
6300,C050,13.0867,80.2797,10.88,43.5
6300,C051,13.0877,80.2707,10.88,43.5
6300,C052,13.0877,80.2717,10.88,43.5
6300,C053,13.0877,80.2727,10.88,43.5
6300,C054,13.0877,80.2737,10.88,43.5
6300,C055,13.0877,80.2747,10.88,43.5
6300,C056,13.0877,80.2757,10.88,43.5
6300,C057,13.0877,80.2767,10.88,43.5
6300,C058,13.0877,80.2777,10.88,43.5
6300,C059,13.0877,80.2787,10.88,43.5
6300,C060,13.0877,80.2797,10.88,43.5
6300,C061,13.0887,80.2707,10.88,43.5
6300,C062,13.0887,80.2717,10.88,43.5
6300,C063,13.0887,80.2727,10.88,43.5
6300,C064,13.0887,80.2737,10.88,43.5
6300,C065,13.0887,80.2747,10.88,43.5
6300,C066,13.0887,80.2757,10.88,43.5
6300,C067,13.0887,80.2767,10.88,43.5
6300,C068,13.0887,80.2777,10.88,43.5
6300,C069,13.0887,80.2787,10.88,43.5
6300,C070,13.0887,80.2797,10.88,43.5
6300,C071,13.0897,80.2707,10.88,43.5
6300,C072,13.0897,80.2717,10.88,43.5
6300,C073,13.0897,80.2727,10.88,43.5
6300,C074,13.0897,80.2737,10.88,43.5
6300,C075,13.0897,80.2747,10.88,43.5
6300,C076,13.0897,80.2757,10.88,43.5
6300,C077,13.0897,80.2767,10.88,43.5
6300,C078,13.0897,80.2777,10.88,43.5
6300,C079,13.0897,80.2787,10.88,43.5
6300,C080,13.0897,80.2797,10.88,43.5
6300,C081,13.0907,80.2707,10.88,43.5
6300,C082,13.0907,80.2717,10.88,43.5
6300,C083,13.0907,80.2727,10.88,43.5
6300,C084,13.0907,80.2737,10.88,43.5
6300,C085,13.0907,80.2747,10.88,43.5
6300,C086,13.0907,80.2757,10.88,43.5
6300,C087,13.0907,80.2767,10.88,43.5
6300,C088,13.0907,80.2777,10.88,43.5
6300,C089,13.0907,80.2787,10.88,43.5
6300,C090,13.0907,80.2797,10.88,43.5
6300,C091,13.0917,80.2707,10.88,43.5
6300,C092,13.0917,80.2717,10.88,43.5
6300,C093,13.0917,80.2727,10.88,43.5
6300,C094,13.0917,80.2737,10.88,43.5
6300,C095,13.0917,80.2747,10.88,43.5
6300,C096,13.0917,80.2757,10.88,43.5
6300,C097,13.0917,80.2767,10.88,43.5
6300,C098,13.0917,80.2777,10.88,43.5
6300,C099,13.0917,80.2787,10.88,43.5
6300,C100,13.0917,80.2797,10.88,43.5
7200,C001,13.0827,80.2707,9.75,39.0
7200,C002,13.0827,80.2717,9.75,39.0
7200,C003,13.0827,80.2727,9.75,39.0
7200,C004,13.0827,80.2737,9.75,39.0
7200,C005,13.0827,80.2747,9.75,39.0
7200,C006,13.0827,80.2757,9.75,39.0
7200,C007,13.0827,80.2767,9.75,39.0
7200,C008,13.0827,80.2777,9.75,39.0
7200,C009,13.0827,80.2787,9.75,39.0
7200,C010,13.0827,80.2797,9.75,39.0
7200,C011,13.0837,80.2707,9.75,39.0
7200,C012,13.0837,80.2717,9.75,39.0
7200,C013,13.0837,80.2727,9.75,39.0
7200,C014,13.0837,80.2737,9.75,39.0
7200,C015,13.0837,80.2747,9.75,39.0
7200,C016,13.0837,80.2757,9.75,39.0
7200,C017,13.0837,80.2767,9.75,39.0
7200,C018,13.0837,80.2777,9.75,39.0
7200,C019,13.0837,80.2787,9.75,39.0
7200,C020,13.0837,80.2797,9.75,39.0
7200,C021,13.0847,80.2707,9.75,39.0
7200,C022,13.0847,80.2717,9.75,39.0
7200,C023,13.0847,80.2727,9.75,39.0
7200,C024,13.0847,80.2737,9.75,39.0
7200,C025,13.0847,80.2747,9.75,39.0
7200,C026,13.0847,80.2757,9.75,39.0
7200,C027,13.0847,80.2767,9.75,39.0
7200,C028,13.0847,80.2777,9.75,39.0
7200,C029,13.0847,80.2787,9.75,39.0
7200,C030,13.0847,80.2797,9.75,39.0
7200,C031,13.0857,80.2707,9.75,39.0
7200,C032,13.0857,80.2717,9.75,39.0
7200,C033,13.0857,80.2727,9.75,39.0
7200,C034,13.0857,80.2737,9.75,39.0
7200,C035,13.0857,80.2747,9.75,39.0
7200,C036,13.0857,80.2757,9.75,39.0
7200,C037,13.0857,80.2767,9.75,39.0
7200,C038,13.0857,80.2777,9.75,39.0
7200,C039,13.0857,80.2787,9.75,39.0
7200,C040,13.0857,80.2797,9.75,39.0
7200,C041,13.0867,80.2707,9.75,39.0
7200,C042,13.0867,80.2717,9.75,39.0
7200,C043,13.0867,80.2727,9.75,39.0
7200,C044,13.0867,80.2737,9.75,39.0
7200,C045,13.0867,80.2747,9.75,39.0
7200,C046,13.0867,80.2757,9.75,39.0
7200,C047,13.0867,80.2767,9.75,39.0
7200,C048,13.0867,80.2777,9.75,39.0
7200,C049,13.0867,80.2787,9.75,39.0
7200,C050,13.0867,80.2797,9.75,39.0
7200,C051,13.0877,80.2707,9.75,39.0
7200,C052,13.0877,80.2717,9.75,39.0
7200,C053,13.0877,80.2727,9.75,39.0
7200,C054,13.0877,80.2737,9.75,39.0
7200,C055,13.0877,80.2747,9.75,39.0
7200,C056,13.0877,80.2757,9.75,39.0
7200,C057,13.0877,80.2767,9.75,39.0
7200,C058,13.0877,80.2777,9.75,39.0
7200,C059,13.0877,80.2787,9.75,39.0
7200,C060,13.0877,80.2797,9.75,39.0
7200,C061,13.0887,80.2707,9.75,39.0
7200,C062,13.0887,80.2717,9.75,39.0
7200,C063,13.0887,80.2727,9.75,39.0
7200,C064,13.0887,80.2737,9.75,39.0
7200,C065,13.0887,80.2747,9.75,39.0
7200,C066,13.0887,80.2757,9.75,39.0
7200,C067,13.0887,80.2767,9.75,39.0
7200,C068,13.0887,80.2777,9.75,39.0
7200,C069,13.0887,80.2787,9.75,39.0
7200,C070,13.0887,80.2797,9.75,39.0
7200,C071,13.0897,80.2707,9.75,39.0
7200,C072,13.0897,80.2717,9.75,39.0
7200,C073,13.0897,80.2727,9.75,39.0
7200,C074,13.0897,80.2737,9.75,39.0
7200,C075,13.0897,80.2747,9.75,39.0
7200,C076,13.0897,80.2757,9.75,39.0
7200,C077,13.0897,80.2767,9.75,39.0
7200,C078,13.0897,80.2777,9.75,39.0
7200,C079,13.0897,80.2787,9.75,39.0
7200,C080,13.0897,80.2797,9.75,39.0
7200,C081,13.0907,80.2707,9.75,39.0
7200,C082,13.0907,80.2717,9.75,39.0
7200,C083,13.0907,80.2727,9.75,39.0
7200,C084,13.0907,80.2737,9.75,39.0
7200,C085,13.0907,80.2747,9.75,39.0
7200,C086,13.0907,80.2757,9.75,39.0
7200,C087,13.0907,80.2767,9.75,39.0
7200,C088,13.0907,80.2777,9.75,39.0
7200,C089,13.0907,80.2787,9.75,39.0
7200,C090,13.0907,80.2797,9.75,39.0
7200,C091,13.0917,80.2707,9.75,39.0
7200,C092,13.0917,80.2717,9.75,39.0
7200,C093,13.0917,80.2727,9.75,39.0
7200,C094,13.0917,80.2737,9.75,39.0
7200,C095,13.0917,80.2747,9.75,39.0
7200,C096,13.0917,80.2757,9.75,39.0
7200,C097,13.0917,80.2767,9.75,39.0
7200,C098,13.0917,80.2777,9.75,39.0
7200,C099,13.0917,80.2787,9.75,39.0
7200,C100,13.0917,80.2797,9.75,39.0
8100,C001,13.0827,80.2707,7.95,31.8
8100,C002,13.0827,80.2717,7.95,31.8
8100,C003,13.0827,80.2727,7.95,31.8
8100,C004,13.0827,80.2737,7.95,31.8
8100,C005,13.0827,80.2747,7.95,31.8
8100,C006,13.0827,80.2757,7.95,31.8
8100,C007,13.0827,80.2767,7.95,31.8
8100,C008,13.0827,80.2777,7.95,31.8
8100,C009,13.0827,80.2787,7.95,31.8
8100,C010,13.0827,80.2797,7.95,31.8
8100,C011,13.0837,80.2707,7.95,31.8
8100,C012,13.0837,80.2717,7.95,31.8
8100,C013,13.0837,80.2727,7.95,31.8
8100,C014,13.0837,80.2737,7.95,31.8
8100,C015,13.0837,80.2747,7.95,31.8
8100,C016,13.0837,80.2757,7.95,31.8
8100,C017,13.0837,80.2767,7.95,31.8
8100,C018,13.0837,80.2777,7.95,31.8
8100,C019,13.0837,80.2787,7.95,31.8
8100,C020,13.0837,80.2797,7.95,31.8
8100,C021,13.0847,80.2707,7.95,31.8
8100,C022,13.0847,80.2717,7.95,31.8
8100,C023,13.0847,80.2727,7.95,31.8
8100,C024,13.0847,80.2737,7.95,31.8
8100,C025,13.0847,80.2747,7.95,31.8
8100,C026,13.0847,80.2757,7.95,31.8
8100,C027,13.0847,80.2767,7.95,31.8
8100,C028,13.0847,80.2777,7.95,31.8
8100,C029,13.0847,80.2787,7.95,31.8
8100,C030,13.0847,80.2797,7.95,31.8
8100,C031,13.0857,80.2707,7.95,31.8
8100,C032,13.0857,80.2717,7.95,31.8
8100,C033,13.0857,80.2727,7.95,31.8
8100,C034,13.0857,80.2737,7.95,31.8
8100,C035,13.0857,80.2747,7.95,31.8
8100,C036,13.0857,80.2757,7.95,31.8
8100,C037,13.0857,80.2767,7.95,31.8
8100,C038,13.0857,80.2777,7.95,31.8
8100,C039,13.0857,80.2787,7.95,31.8
8100,C040,13.0857,80.2797,7.95,31.8
8100,C041,13.0867,80.2707,7.95,31.8
8100,C042,13.0867,80.2717,7.95,31.8
8100,C043,13.0867,80.2727,7.95,31.8
8100,C044,13.0867,80.2737,7.95,31.8
8100,C045,13.0867,80.2747,7.95,31.8
8100,C046,13.0867,80.2757,7.95,31.8
8100,C047,13.0867,80.2767,7.95,31.8
8100,C048,13.0867,80.2777,7.95,31.8
8100,C049,13.0867,80.2787,7.95,31.8
8100,C050,13.0867,80.2797,7.95,31.8
8100,C051,13.0877,80.2707,7.95,31.8
8100,C052,13.0877,80.2717,7.95,31.8
8100,C053,13.0877,80.2727,7.95,31.8
8100,C054,13.0877,80.2737,7.95,31.8
8100,C055,13.0877,80.2747,7.95,31.8
8100,C056,13.0877,80.2757,7.95,31.8
8100,C057,13.0877,80.2767,7.95,31.8
8100,C058,13.0877,80.2777,7.95,31.8
8100,C059,13.0877,80.2787,7.95,31.8
8100,C060,13.0877,80.2797,7.95,31.8
8100,C061,13.0887,80.2707,7.95,31.8
8100,C062,13.0887,80.2717,7.95,31.8
8100,C063,13.0887,80.2727,7.95,31.8
8100,C064,13.0887,80.2737,7.95,31.8
8100,C065,13.0887,80.2747,7.95,31.8
8100,C066,13.0887,80.2757,7.95,31.8
8100,C067,13.0887,80.2767,7.95,31.8
8100,C068,13.0887,80.2777,7.95,31.8
8100,C069,13.0887,80.2787,7.95,31.8
8100,C070,13.0887,80.2797,7.95,31.8
8100,C071,13.0897,80.2707,7.95,31.8
8100,C072,13.0897,80.2717,7.95,31.8
8100,C073,13.0897,80.2727,7.95,31.8
8100,C074,13.0897,80.2737,7.95,31.8
8100,C075,13.0897,80.2747,7.95,31.8
8100,C076,13.0897,80.2757,7.95,31.8
8100,C077,13.0897,80.2767,7.95,31.8
8100,C078,13.0897,80.2777,7.95,31.8
8100,C079,13.0897,80.2787,7.95,31.8
8100,C080,13.0897,80.2797,7.95,31.8
8100,C081,13.0907,80.2707,7.95,31.8
8100,C082,13.0907,80.2717,7.95,31.8
8100,C083,13.0907,80.2727,7.95,31.8
8100,C084,13.0907,80.2737,7.95,31.8
8100,C085,13.0907,80.2747,7.95,31.8
8100,C086,13.0907,80.2757,7.95,31.8
8100,C087,13.0907,80.2767,7.95,31.8
8100,C088,13.0907,80.2777,7.95,31.8
8100,C089,13.0907,80.2787,7.95,31.8
8100,C090,13.0907,80.2797,7.95,31.8
8100,C091,13.0917,80.2707,7.95,31.8
8100,C092,13.0917,80.2717,7.95,31.8
8100,C093,13.0917,80.2727,7.95,31.8
8100,C094,13.0917,80.2737,7.95,31.8
8100,C095,13.0917,80.2747,7.95,31.8
8100,C096,13.0917,80.2757,7.95,31.8
8100,C097,13.0917,80.2767,7.95,31.8
8100,C098,13.0917,80.2777,7.95,31.8
8100,C099,13.0917,80.2787,7.95,31.8
8100,C100,13.0917,80.2797,7.95,31.8
9000,C001,13.0827,80.2707,5.62,22.5
9000,C002,13.0827,80.2717,5.62,22.5
9000,C003,13.0827,80.2727,5.62,22.5
9000,C004,13.0827,80.2737,5.62,22.5
9000,C005,13.0827,80.2747,5.62,22.5
9000,C006,13.0827,80.2757,5.62,22.5
9000,C007,13.0827,80.2767,5.62,22.5
9000,C008,13.0827,80.2777,5.62,22.5
9000,C009,13.0827,80.2787,5.62,22.5
9000,C010,13.0827,80.2797,5.62,22.5
9000,C011,13.0837,80.2707,5.62,22.5
9000,C012,13.0837,80.2717,5.62,22.5
9000,C013,13.0837,80.2727,5.62,22.5
9000,C014,13.0837,80.2737,5.62,22.5
9000,C015,13.0837,80.2747,5.62,22.5
9000,C016,13.0837,80.2757,5.62,22.5
9000,C017,13.0837,80.2767,5.62,22.5
9000,C018,13.0837,80.2777,5.62,22.5
9000,C019,13.0837,80.2787,5.62,22.5
9000,C020,13.0837,80.2797,5.62,22.5
9000,C021,13.0847,80.2707,5.62,22.5
9000,C022,13.0847,80.2717,5.62,22.5
9000,C023,13.0847,80.2727,5.62,22.5
9000,C024,13.0847,80.2737,5.62,22.5
9000,C025,13.0847,80.2747,5.62,22.5
9000,C026,13.0847,80.2757,5.62,22.5
9000,C027,13.0847,80.2767,5.62,22.5
9000,C028,13.0847,80.2777,5.62,22.5
9000,C029,13.0847,80.2787,5.62,22.5
9000,C030,13.0847,80.2797,5.62,22.5
9000,C031,13.0857,80.2707,5.62,22.5
9000,C032,13.0857,80.2717,5.62,22.5
9000,C033,13.0857,80.2727,5.62,22.5
9000,C034,13.0857,80.2737,5.62,22.5
9000,C035,13.0857,80.2747,5.62,22.5
9000,C036,13.0857,80.2757,5.62,22.5
9000,C037,13.0857,80.2767,5.62,22.5
9000,C038,13.0857,80.2777,5.62,22.5
9000,C039,13.0857,80.2787,5.62,22.5
9000,C040,13.0857,80.2797,5.62,22.5
9000,C041,13.0867,80.2707,5.62,22.5
9000,C042,13.0867,80.2717,5.62,22.5
9000,C043,13.0867,80.2727,5.62,22.5
9000,C044,13.0867,80.2737,5.62,22.5
9000,C045,13.0867,80.2747,5.62,22.5
9000,C046,13.0867,80.2757,5.62,22.5
9000,C047,13.0867,80.2767,5.62,22.5
9000,C048,13.0867,80.2777,5.62,22.5
9000,C049,13.0867,80.2787,5.62,22.5
9000,C050,13.0867,80.2797,5.62,22.5
9000,C051,13.0877,80.2707,5.62,22.5
9000,C052,13.0877,80.2717,5.62,22.5
9000,C053,13.0877,80.2727,5.62,22.5
9000,C054,13.0877,80.2737,5.62,22.5
9000,C055,13.0877,80.2747,5.62,22.5
9000,C056,13.0877,80.2757,5.62,22.5
9000,C057,13.0877,80.2767,5.62,22.5
9000,C058,13.0877,80.2777,5.62,22.5
9000,C059,13.0877,80.2787,5.62,22.5
9000,C060,13.0877,80.2797,5.62,22.5
9000,C061,13.0887,80.2707,5.62,22.5
9000,C062,13.0887,80.2717,5.62,22.5
9000,C063,13.0887,80.2727,5.62,22.5
9000,C064,13.0887,80.2737,5.62,22.5
9000,C065,13.0887,80.2747,5.62,22.5
9000,C066,13.0887,80.2757,5.62,22.5
9000,C067,13.0887,80.2767,5.62,22.5
9000,C068,13.0887,80.2777,5.62,22.5
9000,C069,13.0887,80.2787,5.62,22.5
9000,C070,13.0887,80.2797,5.62,22.5
9000,C071,13.0897,80.2707,5.62,22.5
9000,C072,13.0897,80.2717,5.62,22.5
9000,C073,13.0897,80.2727,5.62,22.5
9000,C074,13.0897,80.2737,5.62,22.5
9000,C075,13.0897,80.2747,5.62,22.5
9000,C076,13.0897,80.2757,5.62,22.5
9000,C077,13.0897,80.2767,5.62,22.5
9000,C078,13.0897,80.2777,5.62,22.5
9000,C079,13.0897,80.2787,5.62,22.5
9000,C080,13.0897,80.2797,5.62,22.5
9000,C081,13.0907,80.2707,5.62,22.5
9000,C082,13.0907,80.2717,5.62,22.5
9000,C083,13.0907,80.2727,5.62,22.5
9000,C084,13.0907,80.2737,5.62,22.5
9000,C085,13.0907,80.2747,5.62,22.5
9000,C086,13.0907,80.2757,5.62,22.5
9000,C087,13.0907,80.2767,5.62,22.5
9000,C088,13.0907,80.2777,5.62,22.5
9000,C089,13.0907,80.2787,5.62,22.5
9000,C090,13.0907,80.2797,5.62,22.5
9000,C091,13.0917,80.2707,5.62,22.5
9000,C092,13.0917,80.2717,5.62,22.5
9000,C093,13.0917,80.2727,5.62,22.5
9000,C094,13.0917,80.2737,5.62,22.5
9000,C095,13.0917,80.2747,5.62,22.5
9000,C096,13.0917,80.2757,5.62,22.5
9000,C097,13.0917,80.2767,5.62,22.5
9000,C098,13.0917,80.2777,5.62,22.5
9000,C099,13.0917,80.2787,5.62,22.5
9000,C100,13.0917,80.2797,5.62,22.5
9900,C001,13.0827,80.2707,2.9,11.6
9900,C002,13.0827,80.2717,2.9,11.6
9900,C003,13.0827,80.2727,2.9,11.6
9900,C004,13.0827,80.2737,2.9,11.6
9900,C005,13.0827,80.2747,2.9,11.6
9900,C006,13.0827,80.2757,2.9,11.6
9900,C007,13.0827,80.2767,2.9,11.6
9900,C008,13.0827,80.2777,2.9,11.6
9900,C009,13.0827,80.2787,2.9,11.6
9900,C010,13.0827,80.2797,2.9,11.6
9900,C011,13.0837,80.2707,2.9,11.6
9900,C012,13.0837,80.2717,2.9,11.6
9900,C013,13.0837,80.2727,2.9,11.6
9900,C014,13.0837,80.2737,2.9,11.6
9900,C015,13.0837,80.2747,2.9,11.6
9900,C016,13.0837,80.2757,2.9,11.6
9900,C017,13.0837,80.2767,2.9,11.6
9900,C018,13.0837,80.2777,2.9,11.6
9900,C019,13.0837,80.2787,2.9,11.6
9900,C020,13.0837,80.2797,2.9,11.6
9900,C021,13.0847,80.2707,2.9,11.6
9900,C022,13.0847,80.2717,2.9,11.6
9900,C023,13.0847,80.2727,2.9,11.6
9900,C024,13.0847,80.2737,2.9,11.6
9900,C025,13.0847,80.2747,2.9,11.6
9900,C026,13.0847,80.2757,2.9,11.6
9900,C027,13.0847,80.2767,2.9,11.6
9900,C028,13.0847,80.2777,2.9,11.6
9900,C029,13.0847,80.2787,2.9,11.6
9900,C030,13.0847,80.2797,2.9,11.6
9900,C031,13.0857,80.2707,2.9,11.6
9900,C032,13.0857,80.2717,2.9,11.6
9900,C033,13.0857,80.2727,2.9,11.6
9900,C034,13.0857,80.2737,2.9,11.6
9900,C035,13.0857,80.2747,2.9,11.6
9900,C036,13.0857,80.2757,2.9,11.6
9900,C037,13.0857,80.2767,2.9,11.6
9900,C038,13.0857,80.2777,2.9,11.6
9900,C039,13.0857,80.2787,2.9,11.6
9900,C040,13.0857,80.2797,2.9,11.6
9900,C041,13.0867,80.2707,2.9,11.6
9900,C042,13.0867,80.2717,2.9,11.6
9900,C043,13.0867,80.2727,2.9,11.6
9900,C044,13.0867,80.2737,2.9,11.6
9900,C045,13.0867,80.2747,2.9,11.6
9900,C046,13.0867,80.2757,2.9,11.6
9900,C047,13.0867,80.2767,2.9,11.6
9900,C048,13.0867,80.2777,2.9,11.6
9900,C049,13.0867,80.2787,2.9,11.6
9900,C050,13.0867,80.2797,2.9,11.6
9900,C051,13.0877,80.2707,2.9,11.6
9900,C052,13.0877,80.2717,2.9,11.6
9900,C053,13.0877,80.2727,2.9,11.6
9900,C054,13.0877,80.2737,2.9,11.6
9900,C055,13.0877,80.2747,2.9,11.6
9900,C056,13.0877,80.2757,2.9,11.6
9900,C057,13.0877,80.2767,2.9,11.6
9900,C058,13.0877,80.2777,2.9,11.6
9900,C059,13.0877,80.2787,2.9,11.6
9900,C060,13.0877,80.2797,2.9,11.6
9900,C061,13.0887,80.2707,2.9,11.6
9900,C062,13.0887,80.2717,2.9,11.6
9900,C063,13.0887,80.2727,2.9,11.6
9900,C064,13.0887,80.2737,2.9,11.6
9900,C065,13.0887,80.2747,2.9,11.6
9900,C066,13.0887,80.2757,2.9,11.6
9900,C067,13.0887,80.2767,2.9,11.6
9900,C068,13.0887,80.2777,2.9,11.6
9900,C069,13.0887,80.2787,2.9,11.6
9900,C070,13.0887,80.2797,2.9,11.6
9900,C071,13.0897,80.2707,2.9,11.6
9900,C072,13.0897,80.2717,2.9,11.6
9900,C073,13.0897,80.2727,2.9,11.6
9900,C074,13.0897,80.2737,2.9,11.6
9900,C075,13.0897,80.2747,2.9,11.6
9900,C076,13.0897,80.2757,2.9,11.6
9900,C077,13.0897,80.2767,2.9,11.6
9900,C078,13.0897,80.2777,2.9,11.6
9900,C079,13.0897,80.2787,2.9,11.6
9900,C080,13.0897,80.2797,2.9,11.6
9900,C081,13.0907,80.2707,2.9,11.6
9900,C082,13.0907,80.2717,2.9,11.6
9900,C083,13.0907,80.2727,2.9,11.6
9900,C084,13.0907,80.2737,2.9,11.6
9900,C085,13.0907,80.2747,2.9,11.6
9900,C086,13.0907,80.2757,2.9,11.6
9900,C087,13.0907,80.2767,2.9,11.6
9900,C088,13.0907,80.2777,2.9,11.6
9900,C089,13.0907,80.2787,2.9,11.6
9900,C090,13.0907,80.2797,2.9,11.6
9900,C091,13.0917,80.2707,2.9,11.6
9900,C092,13.0917,80.2717,2.9,11.6
9900,C093,13.0917,80.2727,2.9,11.6
9900,C094,13.0917,80.2737,2.9,11.6
9900,C095,13.0917,80.2747,2.9,11.6
9900,C096,13.0917,80.2757,2.9,11.6
9900,C097,13.0917,80.2767,2.9,11.6
9900,C098,13.0917,80.2777,2.9,11.6
9900,C099,13.0917,80.2787,2.9,11.6
9900,C100,13.0917,80.2797,2.9,11.6
10800,C001,13.0827,80.2707,0.0,0.0
10800,C002,13.0827,80.2717,0.0,0.0
10800,C003,13.0827,80.2727,0.0,0.0
10800,C004,13.0827,80.2737,0.0,0.0
10800,C005,13.0827,80.2747,0.0,0.0
10800,C006,13.0827,80.2757,0.0,0.0
10800,C007,13.0827,80.2767,0.0,0.0
10800,C008,13.0827,80.2777,0.0,0.0
10800,C009,13.0827,80.2787,0.0,0.0
10800,C010,13.0827,80.2797,0.0,0.0
10800,C011,13.0837,80.2707,0.0,0.0
10800,C012,13.0837,80.2717,0.0,0.0
10800,C013,13.0837,80.2727,0.0,0.0
10800,C014,13.0837,80.2737,0.0,0.0
10800,C015,13.0837,80.2747,0.0,0.0
10800,C016,13.0837,80.2757,0.0,0.0
10800,C017,13.0837,80.2767,0.0,0.0
10800,C018,13.0837,80.2777,0.0,0.0
10800,C019,13.0837,80.2787,0.0,0.0
10800,C020,13.0837,80.2797,0.0,0.0
10800,C021,13.0847,80.2707,0.0,0.0
10800,C022,13.0847,80.2717,0.0,0.0
10800,C023,13.0847,80.2727,0.0,0.0
10800,C024,13.0847,80.2737,0.0,0.0
10800,C025,13.0847,80.2747,0.0,0.0
10800,C026,13.0847,80.2757,0.0,0.0
10800,C027,13.0847,80.2767,0.0,0.0
10800,C028,13.0847,80.2777,0.0,0.0
10800,C029,13.0847,80.2787,0.0,0.0
10800,C030,13.0847,80.2797,0.0,0.0
10800,C031,13.0857,80.2707,0.0,0.0
10800,C032,13.0857,80.2717,0.0,0.0
10800,C033,13.0857,80.2727,0.0,0.0
10800,C034,13.0857,80.2737,0.0,0.0
10800,C035,13.0857,80.2747,0.0,0.0
10800,C036,13.0857,80.2757,0.0,0.0
10800,C037,13.0857,80.2767,0.0,0.0
10800,C038,13.0857,80.2777,0.0,0.0
10800,C039,13.0857,80.2787,0.0,0.0
10800,C040,13.0857,80.2797,0.0,0.0
10800,C041,13.0867,80.2707,0.0,0.0
10800,C042,13.0867,80.2717,0.0,0.0
10800,C043,13.0867,80.2727,0.0,0.0
10800,C044,13.0867,80.2737,0.0,0.0
10800,C045,13.0867,80.2747,0.0,0.0
10800,C046,13.0867,80.2757,0.0,0.0
10800,C047,13.0867,80.2767,0.0,0.0
10800,C048,13.0867,80.2777,0.0,0.0
10800,C049,13.0867,80.2787,0.0,0.0
10800,C050,13.0867,80.2797,0.0,0.0
10800,C051,13.0877,80.2707,0.0,0.0
10800,C052,13.0877,80.2717,0.0,0.0
10800,C053,13.0877,80.2727,0.0,0.0
10800,C054,13.0877,80.2737,0.0,0.0
10800,C055,13.0877,80.2747,0.0,0.0
10800,C056,13.0877,80.2757,0.0,0.0
10800,C057,13.0877,80.2767,0.0,0.0
10800,C058,13.0877,80.2777,0.0,0.0
10800,C059,13.0877,80.2787,0.0,0.0
10800,C060,13.0877,80.2797,0.0,0.0
10800,C061,13.0887,80.2707,0.0,0.0
10800,C062,13.0887,80.2717,0.0,0.0
10800,C063,13.0887,80.2727,0.0,0.0
10800,C064,13.0887,80.2737,0.0,0.0
10800,C065,13.0887,80.2747,0.0,0.0
10800,C066,13.0887,80.2757,0.0,0.0
10800,C067,13.0887,80.2767,0.0,0.0
10800,C068,13.0887,80.2777,0.0,0.0
10800,C069,13.0887,80.2787,0.0,0.0
10800,C070,13.0887,80.2797,0.0,0.0
10800,C071,13.0897,80.2707,0.0,0.0
10800,C072,13.0897,80.2717,0.0,0.0
10800,C073,13.0897,80.2727,0.0,0.0
10800,C074,13.0897,80.2737,0.0,0.0
10800,C075,13.0897,80.2747,0.0,0.0
10800,C076,13.0897,80.2757,0.0,0.0
10800,C077,13.0897,80.2767,0.0,0.0
10800,C078,13.0897,80.2777,0.0,0.0
10800,C079,13.0897,80.2787,0.0,0.0
10800,C080,13.0897,80.2797,0.0,0.0
10800,C081,13.0907,80.2707,0.0,0.0
10800,C082,13.0907,80.2717,0.0,0.0
10800,C083,13.0907,80.2727,0.0,0.0
10800,C084,13.0907,80.2737,0.0,0.0
10800,C085,13.0907,80.2747,0.0,0.0
10800,C086,13.0907,80.2757,0.0,0.0
10800,C087,13.0907,80.2767,0.0,0.0
10800,C088,13.0907,80.2777,0.0,0.0
10800,C089,13.0907,80.2787,0.0,0.0
10800,C090,13.0907,80.2797,0.0,0.0
10800,C091,13.0917,80.2707,0.0,0.0
10800,C092,13.0917,80.2717,0.0,0.0
10800,C093,13.0917,80.2727,0.0,0.0
10800,C094,13.0917,80.2737,0.0,0.0
10800,C095,13.0917,80.2747,0.0,0.0
10800,C096,13.0917,80.2757,0.0,0.0
10800,C097,13.0917,80.2767,0.0,0.0
10800,C098,13.0917,80.2777,0.0,0.0
10800,C099,13.0917,80.2787,0.0,0.0
10800,C100,13.0917,80.2797,0.0,0.0
